feature,mean_benign,mean_malicious
tool=web_fetch,0.12245337159253945,0.0
tool=db_agg,0.13396700143472023,0.1433659839715049
tool=db_record,0.02586083213773314,0.07395369545859305
tool=analyze,0.14440459110473458,0.0023597506678539625
tool=write_file,0.07026542324246772,0.05632235084594835
tool=write_public,0.02571736011477762,0.07003561887800534
tool=send_email,0.10182926829268292,0.06317898486197684
tool=send_msg,0.3755021520803443,0.5907836153161176
untrusted,0.8910688665710187,1.0
sensitivity,0.4055416068866571,0.5483303650934995
user_scheduled,0.8494978479196557,0.010552092609082814
from_teammate,0.07482065997130559,0.5197684772929653
origin_db_last10,1.3420731707317073,2.830721282279608
origin_public_last10,0.2785509325681492,0.6278717720391808
origin_msgs_last5,1.5080703012912482,3.8435440783615316
ticks_since_untrusted,1.6138809182209468,1.203205699020481
external_recipient,0.0,0.06317898486197684
breadth,0.1866929698708752,1.0136687444345502
role=research,0.2640602582496413,0.1497773820124666
role=data,0.31965566714490673,0.44091718610863756
role=analysis,0.314454806312769,0.22123775601068565
role=comms,0.10182926829268292,0.18806767586821016
