held_out,auc,recall@1%FPR,residual_recall@1%FPR,fpr_test
T1,0.9963194169684645,0.9458905190093074,0.9113695090439277,0.011002181260337017
T2,0.3642333748098991,0.0,,0.010331024233562646
T3,0.9903091661746736,0.8271971496437055,0.8271971496437055,0.010690572640763202
T4,0.9226991419185189,0.5520915548539858,0.5520915548539858,0.010906301685083535
T5,0.9705537503748963,0.49531728665207875,0.49531728665207875,0.010738512428389942
T1 (seen),0.9983477007024055,0.9716043539990534,0.9534883720930233,0.010762482322203313
T2 (seen),1.0,1.0,,0.010762482322203313
T3 (seen),0.9924992889402072,0.8694576405384006,0.8694576405384006,0.010762482322203313
T4 (seen),0.9842162097088258,0.6183898973954223,0.6183898973954223,0.010762482322203313
T5 (seen),0.9971699870484264,0.9220131291028446,0.9220131291028446,0.010762482322203313
