setup,attacker,seed,m,probation,attack_success,leaked,spread,compromised,ttc,contained,task_success,availability,fpr,mal_block_rate,n_heals,fidelity,good_lost,reinfection,recovery
G_m1,none,2000,1,True,0,0,0.0,0,,0,0.7894736842105263,0.8125,0.03597122302158273,,0,,,,
G_m1,none,2001,1,True,0,0,0.0,0,,0,0.8421052631578947,0.8235294117647058,0.02912621359223301,,0,,,,
G_m1,none,2002,1,True,0,0,0.0,0,,0,0.8947368421052632,0.8888888888888888,0.03773584905660377,,0,,,,
G_m1,none,2003,1,True,0,0,0.0,0,,0,0.9473684210526315,0.9411764705882353,0.009259259259259259,,0,,,,
G_m1,none,2004,1,True,0,0,0.0,0,,0,0.8421052631578947,0.8666666666666667,0.04,,0,,,,
G_m1,none,2005,1,True,0,0,0.0,0,,0,0.9473684210526315,0.9333333333333333,0.038461538461538464,,0,,,,
G_m1,none,2006,1,True,0,0,0.0,0,,0,0.7894736842105263,0.8125,0.03773584905660377,,1,0.48214285714285715,29.0,0.0,11.0
G_m1,none,2007,1,True,0,0,0.0,0,,0,0.8421052631578947,0.8125,0.026785714285714284,,0,,,,
G_m1,none,2008,1,True,0,0,0.0,0,,0,0.6842105263157895,0.75,0.06930693069306931,,0,,,,
G_m1,none,2009,1,True,0,0,0.0,0,,0,0.9473684210526315,0.9375,0.03361344537815126,,0,,,,
G_m1,none,2010,1,True,0,0,0.0,0,,0,0.7894736842105263,0.8125,0.03773584905660377,,0,,,,
G_m1,none,2011,1,True,0,0,0.0,0,,0,0.7894736842105263,0.875,0.05172413793103448,,0,,,,
G_m1,none,2012,1,True,0,0,0.0,0,,0,0.7368421052631579,0.75,0.044642857142857144,,0,,,,
G_m1,none,2013,1,True,0,0,0.0,0,,0,0.8421052631578947,0.8333333333333334,0.03636363636363636,,0,,,,
G_m1,none,2014,1,True,0,0,0.0,0,,0,0.8421052631578947,0.875,0.03669724770642202,,0,,,,
G_m1,none,2015,1,True,0,0,0.0,0,,0,0.8947368421052632,0.875,0.015748031496062992,,0,,,,
G_m1,none,2016,1,True,0,0,0.0,0,,0,0.7894736842105263,0.7777777777777778,0.05660377358490566,,0,,,,
G_m1,none,2017,1,True,0,0,0.0,0,,0,0.9473684210526315,0.9333333333333333,0.017391304347826087,,0,,,,
G_m1,none,2018,1,True,0,0,0.0,0,,0,1.0,1.0,0.00909090909090909,,0,,,,
G_m1,none,2019,1,True,0,0,0.0,0,,0,0.8947368421052632,0.8823529411764706,0.016260162601626018,,0,,,,
G_m1,none,2020,1,True,0,0,0.0,0,,0,0.8947368421052632,0.8823529411764706,0.023809523809523808,,0,,,,
G_m1,none,2021,1,True,0,0,0.0,0,,0,0.9473684210526315,0.9333333333333333,0.017543859649122806,,0,,,,
G_m1,none,2022,1,True,0,0,0.0,0,,0,1.0,1.0,0.0,,0,,,,
G_m1,none,2023,1,True,0,0,0.0,0,,0,0.8947368421052632,0.8823529411764706,0.023255813953488372,,0,,,,
G_m1,none,2024,1,True,0,0,0.0,0,,0,1.0,1.0,0.007874015748031496,,0,,,,
G_m1,none,2025,1,True,0,0,0.0,0,,0,0.8947368421052632,0.875,0.028846153846153848,,0,,,,
G_m1,none,2026,1,True,0,0,0.0,0,,0,0.9473684210526315,0.9411764705882353,0.015267175572519083,,0,,,,
G_m1,none,2027,1,True,0,0,0.0,0,,0,1.0,1.0,0.0072992700729927005,,0,,,,
G_m1,none,2028,1,True,0,0,0.0,0,,0,0.9473684210526315,0.9333333333333333,0.008403361344537815,,0,,,,
G_m1,none,2029,1,True,0,0,0.0,0,,0,1.0,1.0,0.022900763358778626,,0,,,,
G_m1,none,2030,1,True,0,0,0.0,0,,0,0.8947368421052632,0.8888888888888888,0.041237113402061855,,0,,,,
G_m1,none,2031,1,True,0,0,0.0,0,,0,0.8421052631578947,0.9333333333333333,0.032520325203252036,,0,,,,
G_m1,none,2032,1,True,0,0,0.0,0,,0,0.8421052631578947,0.8,0.028037383177570093,,0,,,,
G_m1,none,2033,1,True,0,0,0.0,0,,0,0.7368421052631579,0.7058823529411765,0.058823529411764705,,0,,,,
G_m1,none,2034,1,True,0,0,0.0,0,,0,0.9473684210526315,0.9333333333333333,0.017543859649122806,,0,,,,
G_m1,none,2035,1,True,0,0,0.0,0,,0,0.8421052631578947,0.8235294117647058,0.04672897196261682,,0,,,,
G_m1,none,2036,1,True,0,0,0.0,0,,0,0.8947368421052632,0.8823529411764706,0.02702702702702703,,0,,,,
G_m1,none,2037,1,True,0,0,0.0,0,,0,0.8947368421052632,0.8823529411764706,0.02631578947368421,,0,,,,
G_m1,none,2038,1,True,0,0,0.0,0,,0,0.8947368421052632,0.8823529411764706,0.023809523809523808,,0,,,,
G_m1,none,2039,1,True,0,0,0.0,0,,0,0.9473684210526315,0.9411764705882353,0.017241379310344827,,0,,,,
G_m1,none,2040,1,True,0,0,0.0,0,,0,0.8421052631578947,0.8823529411764706,0.0297029702970297,,0,,,,
G_m1,none,2041,1,True,0,0,0.0,0,,0,0.8421052631578947,0.8235294117647058,0.027777777777777776,,0,,,,
G_m1,none,2042,1,True,0,0,0.0,0,,0,0.7894736842105263,0.8666666666666667,0.046875,,0,,,,
G_m1,none,2043,1,True,0,0,0.0,0,,0,0.9473684210526315,1.0,0.009174311926605505,,0,,,,
G_m1,none,2044,1,True,0,0,0.0,0,,0,0.7894736842105263,0.7647058823529411,0.03571428571428571,,0,,,,
G_m1,none,2045,1,True,0,0,0.0,0,,0,0.8947368421052632,0.875,0.01694915254237288,,0,,,,
G_m1,none,2046,1,True,0,0,0.0,0,,0,0.8947368421052632,0.875,0.02586206896551724,,0,,,,
G_m1,none,2047,1,True,0,0,0.0,0,,0,1.0,1.0,0.0,,0,,,,
G_m1,none,2048,1,True,0,0,0.0,0,,0,0.8947368421052632,0.875,0.023255813953488372,,0,,,,
G_m1,none,2049,1,True,0,0,0.0,0,,0,0.8947368421052632,0.875,0.01680672268907563,,0,,,,
G_m1,none,2050,1,True,0,0,0.0,0,,0,0.7894736842105263,0.8125,0.05660377358490566,,0,,,,
G_m1,none,2051,1,True,0,0,0.0,0,,0,0.9473684210526315,0.9333333333333333,0.018018018018018018,,0,,,,
G_m1,none,2052,1,True,0,0,0.0,0,,0,0.8947368421052632,0.8666666666666667,0.016260162601626018,,1,0.07608695652173914,85.0,0.0,4.0
G_m1,none,2053,1,True,0,0,0.0,0,,0,0.8947368421052632,0.9375,0.028846153846153848,,0,,,,
G_m1,none,2054,1,True,0,0,0.0,0,,0,0.6842105263157895,0.6470588235294118,0.0784313725490196,,0,,,,
G_m1,none,2055,1,True,0,0,0.0,0,,0,0.8947368421052632,0.8666666666666667,0.020833333333333332,,0,,,,
G_m1,none,2056,1,True,0,0,0.0,0,,0,0.8947368421052632,0.9375,0.016129032258064516,,0,,,,
G_m1,none,2057,1,True,0,0,0.0,0,,0,0.8947368421052632,0.8888888888888888,0.05405405405405406,,0,,,,
G_m1,none,2058,1,True,0,0,0.0,0,,0,1.0,1.0,0.008695652173913044,,0,,,,
G_m1,none,2059,1,True,0,0,0.0,0,,0,0.8947368421052632,0.8666666666666667,0.028846153846153848,,0,,,,
G_m1,T5,2000,1,True,0,0,0.75,1,5.0,1,0.5789473684210527,0.5625,0.06086956521739131,0.875,5,0.8309970627927283,11.4,0.8,7.2
G_m1,T5,2001,1,True,0,0,0.0,0,,0,0.7368421052631579,0.7058823529411765,0.056179775280898875,0.8125,3,0.7777777777777778,15.333333333333334,0.0,10.333333333333334
G_m1,T5,2002,1,True,0,0,0.0,0,,0,0.7894736842105263,0.7777777777777778,0.0625,1.0,3,1.0,0.0,0.0,11.666666666666666
G_m1,T5,2003,1,True,0,0,0.25,1,9.0,1,0.7368421052631579,0.7058823529411765,0.056818181818181816,1.0,4,0.8863344988344988,2.0,0.5,9.25
G_m1,T5,2004,1,True,0,0,0.0,0,,0,0.7368421052631579,0.7333333333333333,0.05434782608695652,0.9090909090909091,3,0.7194444444444444,14.666666666666666,0.0,9.666666666666666
G_m1,T5,2005,1,True,0,0,0.75,1,4.0,1,0.6842105263157895,0.6,0.0673076923076923,0.7692307692307693,7,0.9057996079787848,5.857142857142857,0.8571428571428571,11.0
G_m1,T5,2006,1,True,0,0,0.25,1,1.0,1,0.631578947368421,0.625,0.07368421052631578,1.0,4,0.8728070175438596,5.25,0.25,5.75
G_m1,T5,2007,1,True,0,0,0.75,1,2.0,1,0.7368421052631579,0.6875,0.04950495049504951,0.875,5,0.8728835978835979,5.4,0.6,8.2
G_m1,T5,2008,1,True,1,1,0.5,1,3.0,1,0.47368421052631576,0.5,0.11764705882352941,0.7647058823529411,4,0.8981481481481481,2.75,0.5,7.75
G_m1,T5,2009,1,True,0,0,0.75,1,6.0,1,0.631578947368421,0.5625,0.07,0.7391304347826086,7,1.0,0.0,0.42857142857142855,9.714285714285714
G_m1,T5,2010,1,True,0,0,0.5,1,2.0,1,0.5789473684210527,0.5625,0.08536585365853659,0.8571428571428571,6,0.9180555555555556,3.0,0.5,6.833333333333333
G_m1,T5,2011,1,True,0,0,0.5,1,3.0,1,0.5263157894736842,0.5625,0.07446808510638298,0.9411764705882353,5,0.8697027197975965,6.0,0.2,6.4
G_m1,T5,2012,1,True,0,0,1.0,1,7.0,1,0.5789473684210527,0.5625,0.08695652173913043,0.7692307692307693,4,0.9438596491228071,2.75,0.25,7.0
G_m1,T5,2013,1,True,1,1,0.75,1,0.0,1,0.5263157894736842,0.5,0.07368421052631578,0.7916666666666666,7,0.8399859943977591,5.857142857142857,0.7142857142857143,9.714285714285714
G_m1,T5,2014,1,True,0,0,0.5,1,12.0,1,0.6842105263157895,0.6875,0.054945054945054944,0.6666666666666666,4,0.8144139803950634,6.5,0.5,8.25
G_m1,T5,2015,1,True,0,0,0.5,1,4.0,1,0.7368421052631579,0.6875,0.035398230088495575,0.9333333333333333,5,0.9283582089552238,4.8,0.2,7.2
G_m1,T5,2016,1,True,0,0,0.25,1,7.0,1,0.5263157894736842,0.5,0.10465116279069768,0.9,5,0.9401987924356344,1.2,0.2,8.2
G_m1,T5,2017,1,True,0,0,1.0,1,9.0,1,0.631578947368421,0.5333333333333333,0.06818181818181818,0.8666666666666667,5,0.9088806660499538,3.8,0.4,10.2
G_m1,T5,2018,1,True,0,0,0.0,0,,0,0.7894736842105263,0.7647058823529411,0.05319148936170213,0.875,5,0.9288284335234753,3.4,0.0,7.6
G_m1,T5,2019,1,True,0,0,0.5,1,5.0,1,0.6842105263157895,0.6470588235294118,0.04672897196261682,0.8095238095238095,5,0.7418998648410413,9.0,0.6,7.4
G_m1,T5,2020,1,True,0,0,0.25,1,14.0,1,0.631578947368421,0.5882352941176471,0.09523809523809523,1.0,5,0.9706764135335565,0.0,0.4,8.2
G_m1,T5,2021,1,True,0,0,0.5,1,5.0,1,0.7368421052631579,0.6666666666666666,0.05813953488372093,0.7647058823529411,4,0.7932795698924731,11.0,0.25,8.75
G_m1,T5,2022,1,True,0,0,0.0,0,,0,0.8947368421052632,0.8666666666666667,0.019230769230769232,0.8461538461538461,3,0.6505299794336339,10.666666666666666,0.0,8.333333333333334
G_m1,T5,2023,1,True,0,0,0.75,1,4.0,1,0.5263157894736842,0.47058823529411764,0.10416666666666667,0.92,8,0.9067120480163958,1.375,0.5,9.25
G_m1,T5,2024,1,True,0,0,1.0,1,4.0,1,0.7894736842105263,0.7647058823529411,0.0380952380952381,0.75,4,0.9123563218390804,3.0,0.75,4.75
G_m1,T5,2025,1,True,0,0,0.75,1,2.0,1,0.6842105263157895,0.625,0.06896551724137931,0.8571428571428571,5,0.8549019607843137,7.4,0.6,12.6
G_m1,T5,2026,1,True,0,0,0.75,1,1.0,1,0.5789473684210527,0.5294117647058824,0.07216494845360824,0.8,6,0.8488488488488488,7.166666666666667,0.8333333333333334,8.0
G_m1,T5,2027,1,True,1,1,1.0,1,2.0,1,0.7894736842105263,0.75,0.03571428571428571,0.5,6,0.8273521969174142,7.166666666666667,0.8333333333333334,5.0
G_m1,T5,2028,1,True,0,0,0.5,1,3.0,1,0.6842105263157895,0.6,0.06862745098039216,0.88,6,0.8084415584415584,8.166666666666666,0.3333333333333333,7.333333333333333
G_m1,T5,2029,1,True,0,0,0.5,1,3.0,1,0.7894736842105263,0.75,0.04854368932038835,0.8,6,0.9290123456790124,3.6666666666666665,0.3333333333333333,5.333333333333333
G_m1,T5,2030,1,True,0,0,0.5,1,2.0,1,0.7368421052631579,0.7222222222222222,0.08333333333333333,0.75,4,0.9657894736842105,0.0,0.25,8.25
G_m1,T5,2031,1,True,0,0,0.5,1,5.0,1,0.631578947368421,0.6666666666666666,0.06666666666666667,0.8235294117647058,4,0.7389193194146755,9.75,0.5,8.5
G_m1,T5,2032,1,True,0,0,0.5,1,2.0,1,0.6842105263157895,0.6,0.05555555555555555,1.0,6,0.9227642276422765,3.1666666666666665,0.6666666666666666,12.666666666666666
G_m1,T5,2033,1,True,1,22,1.0,1,35.0,0,0.631578947368421,0.5882352941176471,0.06521739130434782,0.20967741935483872,6,0.8210996840760906,5.166666666666667,1.0,9.0
G_m1,T5,2034,1,True,0,0,0.0,0,,0,0.7368421052631579,0.6666666666666666,0.05434782608695652,0.8461538461538461,4,0.7704872646733112,9.25,0.0,11.25
G_m1,T5,2035,1,True,0,0,0.25,1,9.0,1,0.7894736842105263,0.7647058823529411,0.06,1.0,3,0.9245735607675907,3.6666666666666665,0.3333333333333333,10.0
G_m1,T5,2036,1,True,0,0,0.0,0,,0,0.7894736842105263,0.7647058823529411,0.06060606060606061,0.88,5,0.9145299145299145,3.2,0.0,8.0
G_m1,T5,2037,1,True,0,0,0.25,1,2.0,1,0.7894736842105263,0.7647058823529411,0.05102040816326531,1.0,4,1.0,0.0,0.5,10.25
G_m1,T5,2038,1,True,0,0,0.25,1,10.0,1,0.5789473684210527,0.5294117647058824,0.09411764705882353,0.9285714285714286,5,0.8904365904365903,3.2,0.2,5.8
G_m1,T5,2039,1,True,0,0,0.5,1,3.0,1,0.7368421052631579,0.7058823529411765,0.053763440860215055,0.8181818181818182,6,0.8506653086824446,4.166666666666667,0.5,5.333333333333333
G_m1,T5,2040,1,True,1,1,1.0,1,4.0,1,0.5789473684210527,0.5882352941176471,0.044444444444444446,0.75,6,0.8620897732643341,3.5,0.8333333333333334,9.333333333333334
G_m1,T5,2041,1,True,0,0,0.0,0,,0,0.631578947368421,0.5882352941176471,0.06741573033707865,1.0,3,0.9544956140350878,2.0,0.0,5.0
G_m1,T5,2042,1,True,0,0,1.0,1,4.0,1,0.5789473684210527,0.6,0.08411214953271028,0.9,5,0.853125,9.4,0.4,6.8
G_m1,T5,2043,1,True,1,1,0.5,1,3.0,1,0.6842105263157895,0.7058823529411765,0.06097560975609756,0.8333333333333334,5,0.8439024390243903,6.4,0.4,6.8
G_m1,T5,2044,1,True,0,0,1.0,1,3.0,1,0.5789473684210527,0.5294117647058824,0.0898876404494382,1.0,5,0.9,4.4,0.6,6.6
G_m1,T5,2045,1,True,0,0,0.25,1,3.0,1,0.6842105263157895,0.625,0.06666666666666667,1.0,5,0.9301587301587302,4.4,0.2,7.0
G_m1,T5,2046,1,True,0,0,0.0,0,,0,0.7368421052631579,0.6875,0.07058823529411765,1.0,4,1.0,0.0,0.0,5.75
G_m1,T5,2047,1,True,1,5,1.0,1,26.0,0,0.8947368421052632,0.8823529411764706,0.015625,0.484375,5,0.7939965557291041,12.4,0.8,6.2
G_m1,T5,2048,1,True,0,0,0.25,1,1.0,1,0.6842105263157895,0.625,0.05357142857142857,0.8333333333333334,5,0.9311827956989248,6.0,0.8,12.6
G_m1,T5,2049,1,True,0,0,0.25,1,3.0,1,0.7894736842105263,0.75,0.03,0.75,3,0.7722659138267124,3.0,0.0,10.666666666666666
G_m1,T5,2050,1,True,0,0,0.0,0,,0,0.5789473684210527,0.5625,0.08791208791208792,0.9090909090909091,4,0.719969342251951,7.25,0.0,8.25
G_m1,T5,2051,1,True,1,1,0.5,1,1.0,1,0.7894736842105263,0.7333333333333333,0.030612244897959183,0.4,2,0.7337662337662337,20.5,0.0,17.5
G_m1,T5,2052,1,True,0,0,0.0,0,,0,0.7894736842105263,0.7333333333333333,0.03669724770642202,1.0,3,0.6160365058670143,18.0,0.0,7.0
G_m1,T5,2053,1,True,0,0,0.25,1,2.0,1,0.7368421052631579,0.75,0.05555555555555555,0.9090909090909091,4,0.8981972428419936,3.0,0.5,6.25
G_m1,T5,2054,1,True,0,0,0.75,1,5.0,1,0.47368421052631576,0.4117647058823529,0.13095238095238096,0.875,4,0.8540603741496599,0.5,0.25,7.5
G_m1,T5,2055,1,True,0,0,0.5,1,2.0,1,0.7368421052631579,0.6666666666666666,0.0641025641025641,1.0,5,0.9692307692307691,1.2,0.4,9.4
G_m1,T5,2056,1,True,0,0,0.5,1,6.0,1,0.7368421052631579,0.75,0.04672897196261682,0.8333333333333334,3,0.7029299697805808,15.666666666666666,0.3333333333333333,11.0
G_m1,T5,2057,1,True,0,0,0.75,1,1.0,1,0.6842105263157895,0.6666666666666666,0.06818181818181818,0.6666666666666666,6,0.8908950617283949,4.0,0.3333333333333333,6.833333333333333
G_m1,T5,2058,1,True,0,0,0.25,1,1.0,1,0.7368421052631579,0.7058823529411765,0.07142857142857142,0.9230769230769231,5,1.0,0.0,0.4,7.6
G_m1,T5,2059,1,True,0,0,0.25,1,8.0,1,0.8421052631578947,0.8,0.04395604395604396,0.8666666666666667,2,0.7983026363308053,11.5,0.5,10.5
G_m2,none,2000,2,True,0,0,0.0,0,,0,0.7894736842105263,0.8125,0.043478260869565216,,0,,,,
G_m2,none,2001,2,True,0,0,0.0,0,,0,0.8421052631578947,0.8235294117647058,0.02912621359223301,,0,,,,
G_m2,none,2002,2,True,0,0,0.0,0,,0,0.8947368421052632,0.8888888888888888,0.03773584905660377,,0,,,,
G_m2,none,2003,2,True,0,0,0.0,0,,0,0.9473684210526315,0.9411764705882353,0.009259259259259259,,0,,,,
G_m2,none,2004,2,True,0,0,0.0,0,,0,0.8421052631578947,0.8666666666666667,0.04,,0,,,,
G_m2,none,2005,2,True,0,0,0.0,0,,0,0.9473684210526315,0.9333333333333333,0.046511627906976744,,0,,,,
G_m2,none,2006,2,True,0,0,0.0,0,,0,0.7894736842105263,0.8125,0.03773584905660377,,1,0.48214285714285715,29.0,0.0,12.0
G_m2,none,2007,2,True,0,0,0.0,0,,0,0.8421052631578947,0.8125,0.026785714285714284,,0,,,,
G_m2,none,2008,2,True,0,0,0.0,0,,0,0.6842105263157895,0.75,0.06930693069306931,,0,,,,
G_m2,none,2009,2,True,0,0,0.0,0,,0,0.9473684210526315,0.9375,0.03361344537815126,,0,,,,
G_m2,none,2010,2,True,0,0,0.0,0,,0,0.7894736842105263,0.8125,0.03773584905660377,,0,,,,
G_m2,none,2011,2,True,0,0,0.0,0,,0,0.7894736842105263,0.875,0.05172413793103448,,0,,,,
G_m2,none,2012,2,True,0,0,0.0,0,,0,0.7368421052631579,0.75,0.044642857142857144,,0,,,,
G_m2,none,2013,2,True,0,0,0.0,0,,0,0.8421052631578947,0.8333333333333334,0.03636363636363636,,0,,,,
G_m2,none,2014,2,True,0,0,0.0,0,,0,0.8421052631578947,0.875,0.046296296296296294,,0,,,,
G_m2,none,2015,2,True,0,0,0.0,0,,0,0.8947368421052632,0.875,0.015748031496062992,,0,,,,
G_m2,none,2016,2,True,0,0,0.0,0,,0,0.7894736842105263,0.7777777777777778,0.05660377358490566,,0,,,,
G_m2,none,2017,2,True,0,0,0.0,0,,0,0.9473684210526315,0.9333333333333333,0.017391304347826087,,0,,,,
G_m2,none,2018,2,True,0,0,0.0,0,,0,1.0,1.0,0.00909090909090909,,0,,,,
G_m2,none,2019,2,True,0,0,0.0,0,,0,0.8947368421052632,0.8823529411764706,0.016260162601626018,,0,,,,
G_m2,none,2020,2,True,0,0,0.0,0,,0,0.8947368421052632,0.8823529411764706,0.032,,0,,,,
G_m2,none,2021,2,True,0,0,0.0,0,,0,0.9473684210526315,0.9333333333333333,0.017543859649122806,,0,,,,
G_m2,none,2022,2,True,0,0,0.0,0,,0,1.0,1.0,0.0,,0,,,,
G_m2,none,2023,2,True,0,0,0.0,0,,0,0.8947368421052632,0.8823529411764706,0.023255813953488372,,0,,,,
G_m2,none,2024,2,True,0,0,0.0,0,,0,1.0,1.0,0.007874015748031496,,0,,,,
G_m2,none,2025,2,True,0,0,0.0,0,,0,0.8947368421052632,0.875,0.028846153846153848,,0,,,,
G_m2,none,2026,2,True,0,0,0.0,0,,0,0.9473684210526315,0.9411764705882353,0.015267175572519083,,0,,,,
G_m2,none,2027,2,True,0,0,0.0,0,,0,1.0,1.0,0.0072992700729927005,,0,,,,
G_m2,none,2028,2,True,0,0,0.0,0,,0,0.9473684210526315,0.9333333333333333,0.008403361344537815,,0,,,,
G_m2,none,2029,2,True,0,0,0.0,0,,0,1.0,1.0,0.03076923076923077,,0,,,,
G_m2,none,2030,2,True,0,0,0.0,0,,0,0.8947368421052632,0.8888888888888888,0.041237113402061855,,0,,,,
G_m2,none,2031,2,True,0,0,0.0,0,,0,0.8421052631578947,0.9333333333333333,0.032520325203252036,,0,,,,
G_m2,none,2032,2,True,0,0,0.0,0,,0,0.8421052631578947,0.8,0.028037383177570093,,0,,,,
G_m2,none,2033,2,True,0,0,0.0,0,,0,0.7368421052631579,0.7058823529411765,0.058823529411764705,,0,,,,
G_m2,none,2034,2,True,0,0,0.0,0,,0,0.9473684210526315,0.9333333333333333,0.017543859649122806,,0,,,,
G_m2,none,2035,2,True,0,0,0.0,0,,0,0.8421052631578947,0.8235294117647058,0.04672897196261682,,0,,,,
G_m2,none,2036,2,True,0,0,0.0,0,,0,0.8947368421052632,0.8823529411764706,0.02702702702702703,,0,,,,
G_m2,none,2037,2,True,0,0,0.0,0,,0,0.8947368421052632,0.8823529411764706,0.02631578947368421,,0,,,,
G_m2,none,2038,2,True,0,0,0.0,0,,0,0.8947368421052632,0.8823529411764706,0.032,,0,,,,
G_m2,none,2039,2,True,0,0,0.0,0,,0,0.9473684210526315,0.9411764705882353,0.017241379310344827,,0,,,,
G_m2,none,2040,2,True,0,0,0.0,0,,0,0.8421052631578947,0.8823529411764706,0.0297029702970297,,0,,,,
G_m2,none,2041,2,True,0,0,0.0,0,,0,0.8421052631578947,0.8235294117647058,0.027777777777777776,,0,,,,
G_m2,none,2042,2,True,0,0,0.0,0,,0,0.7894736842105263,0.8666666666666667,0.046875,,0,,,,
G_m2,none,2043,2,True,0,0,0.0,0,,0,0.9473684210526315,1.0,0.009174311926605505,,0,,,,
G_m2,none,2044,2,True,0,0,0.0,0,,0,0.7894736842105263,0.7647058823529411,0.03571428571428571,,0,,,,
G_m2,none,2045,2,True,0,0,0.0,0,,0,0.8947368421052632,0.875,0.01694915254237288,,0,,,,
G_m2,none,2046,2,True,0,0,0.0,0,,0,0.8947368421052632,0.875,0.02586206896551724,,0,,,,
G_m2,none,2047,2,True,0,0,0.0,0,,0,1.0,1.0,0.014492753623188406,,0,,,,
G_m2,none,2048,2,True,0,0,0.0,0,,0,0.8947368421052632,0.875,0.03125,,0,,,,
G_m2,none,2049,2,True,0,0,0.0,0,,0,0.8947368421052632,0.875,0.01680672268907563,,0,,,,
G_m2,none,2050,2,True,0,0,0.0,0,,0,0.7894736842105263,0.8125,0.05660377358490566,,0,,,,
G_m2,none,2051,2,True,0,0,0.0,0,,0,0.9473684210526315,0.9333333333333333,0.018018018018018018,,0,,,,
G_m2,none,2052,2,True,0,0,0.0,0,,0,0.8947368421052632,0.8666666666666667,0.02459016393442623,,1,0.07608695652173914,85.0,0.0,6.0
G_m2,none,2053,2,True,0,0,0.0,0,,0,0.8947368421052632,0.9375,0.028846153846153848,,0,,,,
G_m2,none,2054,2,True,0,0,0.0,0,,0,0.6842105263157895,0.6470588235294118,0.0784313725490196,,0,,,,
G_m2,none,2055,2,True,0,0,0.0,0,,0,0.8947368421052632,0.8666666666666667,0.020833333333333332,,0,,,,
G_m2,none,2056,2,True,0,0,0.0,0,,0,0.8947368421052632,0.9375,0.016129032258064516,,0,,,,
G_m2,none,2057,2,True,0,0,0.0,0,,0,0.8947368421052632,0.8888888888888888,0.05405405405405406,,0,,,,
G_m2,none,2058,2,True,0,0,0.0,0,,0,1.0,1.0,0.008695652173913044,,0,,,,
G_m2,none,2059,2,True,0,0,0.0,0,,0,0.8947368421052632,0.8666666666666667,0.028846153846153848,,0,,,,
G_m2,T5,2000,2,True,0,0,0.5,1,6.0,1,0.5263157894736842,0.5,0.08653846153846154,0.9166666666666666,4,0.8250780901383311,13.75,0.25,18.25
G_m2,T5,2001,2,True,0,0,0.0,0,,0,0.6842105263157895,0.6470588235294118,0.07692307692307693,0.875,3,0.8087431693989071,11.666666666666666,0.0,13.333333333333334
G_m2,T5,2002,2,True,0,0,0.0,0,,0,0.7368421052631579,0.7222222222222222,0.07526881720430108,1.0,2,1.0,0.0,0.0,19.0
G_m2,T5,2003,2,True,0,0,0.25,1,5.0,1,0.5263157894736842,0.47058823529411764,0.13636363636363635,1.0,4,0.9642857142857143,0.75,0.25,12.0
G_m2,T5,2004,2,True,0,0,0.0,0,,0,0.6842105263157895,0.6666666666666666,0.06976744186046512,0.9090909090909091,3,0.7139376218323586,14.666666666666666,0.0,10.333333333333334
G_m2,T5,2005,2,True,0,0,0.75,1,4.0,1,0.5789473684210527,0.4666666666666667,0.12359550561797752,0.75,7,0.8289523173383906,5.857142857142857,0.7142857142857143,25.0
G_m2,T5,2006,2,True,0,0,0.25,1,1.0,1,0.5789473684210527,0.5625,0.08888888888888889,1.0,4,0.8728070175438596,5.25,0.5,10.0
G_m2,T5,2007,2,True,0,0,0.75,1,2.0,1,0.5789473684210527,0.5,0.08433734939759036,0.8571428571428571,5,0.9199074074074074,2.6,0.6,21.2
G_m2,T5,2008,2,True,0,0,0.5,1,3.0,1,0.47368421052631576,0.5,0.136986301369863,0.9230769230769231,4,0.8981481481481481,2.75,0.25,9.75
G_m2,T5,2009,2,True,0,0,1.0,1,3.0,1,0.5263157894736842,0.4375,0.11904761904761904,0.7142857142857143,6,1.0,0.0,0.6666666666666666,12.666666666666666
G_m2,T5,2010,2,True,0,0,0.25,1,2.0,1,0.5263157894736842,0.5,0.10810810810810811,0.9285714285714286,4,0.9583333333333334,1.25,0.25,16.25
G_m2,T5,2011,2,True,0,0,0.5,1,2.0,1,0.5789473684210527,0.625,0.07446808510638298,0.875,3,0.7513522650439487,14.666666666666666,0.0,12.0
G_m2,T5,2012,2,True,0,0,0.0,0,,0,0.47368421052631576,0.4375,0.11392405063291139,0.7058823529411765,4,0.8326977401129944,7.25,0.0,14.75
G_m2,T5,2013,2,True,0,0,0.5,1,2.0,1,0.5263157894736842,0.5,0.10843373493975904,0.8235294117647058,4,0.7104166666666667,10.75,0.25,16.25
G_m2,T5,2014,2,True,0,0,0.5,1,9.0,1,0.5789473684210527,0.5625,0.11267605633802817,0.75,3,0.8444444444444444,5.333333333333333,0.3333333333333333,14.0
G_m2,T5,2015,2,True,0,0,0.0,0,,0,0.631578947368421,0.5625,0.08045977011494253,0.9230769230769231,4,0.9780701754385965,1.25,0.0,11.25
G_m2,T5,2016,2,True,0,0,0.25,1,7.0,1,0.42105263157894735,0.3888888888888889,0.10843373493975904,0.8,5,0.8633928571428571,4.0,0.4,14.0
G_m2,T5,2017,2,True,0,0,1.0,1,0.0,1,0.5263157894736842,0.4,0.11688311688311688,0.8333333333333334,6,0.8393252051223067,3.1666666666666665,0.6666666666666666,30.666666666666668
G_m2,T5,2018,2,True,0,0,0.0,0,,0,0.5789473684210527,0.5294117647058824,0.11538461538461539,0.9166666666666666,4,0.9011627906976745,4.25,0.0,14.0
G_m2,T5,2019,2,True,0,0,0.5,1,5.0,1,0.631578947368421,0.5882352941176471,0.08433734939759036,1.0,4,0.8457816377171216,5.0,0.5,9.0
G_m2,T5,2020,2,True,0,0,0.25,1,5.0,1,0.5789473684210527,0.5294117647058824,0.08045977011494253,1.0,4,0.8687638427464008,0.0,0.25,11.75
G_m2,T5,2021,2,True,0,0,0.5,1,2.0,1,0.6842105263157895,0.6,0.09411764705882353,0.7894736842105263,5,0.9132903225806451,3.6,0.2,11.4
G_m2,T5,2022,2,True,0,0,0.0,0,,0,0.7894736842105263,0.7333333333333333,0.04081632653061224,1.0,2,0.460969387755102,16.0,0.0,8.5
G_m2,T5,2023,2,True,0,0,0.0,0,,0,0.3684210526315789,0.29411764705882354,0.13793103448275862,0.8823529411764706,6,0.8330128205128206,4.5,0.0,23.0
G_m2,T5,2024,2,True,0,0,1.0,1,4.0,1,0.5263157894736842,0.47058823529411764,0.08888888888888889,0.7727272727272727,5,0.8085453716370269,6.4,0.4,14.6
G_m2,T5,2025,2,True,0,0,0.75,1,2.0,1,0.5789473684210527,0.5,0.10256410256410256,0.7333333333333333,5,0.8608695652173914,6.4,0.6,16.8
G_m2,T5,2026,2,True,0,0,0.25,1,5.0,1,0.5789473684210527,0.5294117647058824,0.06666666666666667,0.9,4,0.8611111111111112,7.5,0.25,9.0
G_m2,T5,2027,2,True,0,0,1.0,1,2.0,1,0.7368421052631579,0.6875,0.05154639175257732,0.5,5,0.775753509799722,8.6,0.8,7.4
G_m2,T5,2028,2,True,0,0,0.5,1,3.0,1,0.631578947368421,0.5333333333333333,0.08421052631578947,0.9375,4,0.8293036750483559,7.75,0.25,19.75
G_m2,T5,2029,2,True,0,0,0.75,1,2.0,1,0.631578947368421,0.5625,0.09523809523809523,0.75,5,0.9115384615384615,4.4,0.2,11.0
G_m2,T5,2030,2,True,0,0,0.5,1,2.0,1,0.6842105263157895,0.6666666666666666,0.10256410256410256,0.8888888888888888,3,0.9298101575778527,0.0,0.6666666666666666,21.0
G_m2,T5,2031,2,True,0,0,0.5,1,5.0,1,0.5789473684210527,0.6,0.1111111111111111,0.9411764705882353,3,0.8214383214383214,7.333333333333333,0.6666666666666666,11.333333333333334
G_m2,T5,2032,2,True,0,0,0.5,1,2.0,1,0.6842105263157895,0.6,0.056179775280898875,1.0,5,0.9073170731707318,3.8,0.6,15.6
G_m2,T5,2033,2,True,1,11,1.0,1,35.0,0,0.5789473684210527,0.5294117647058824,0.1125,0.23529411764705882,6,0.8703703703703703,5.833333333333333,1.0,6.333333333333333
G_m2,T5,2034,2,True,0,0,0.5,1,5.0,1,0.7894736842105263,0.7333333333333333,0.05263157894736842,1.0,2,0.8452380952380952,6.5,0.0,8.5
G_m2,T5,2035,2,True,0,0,0.0,0,,0,0.631578947368421,0.5882352941176471,0.10112359550561797,1.0,3,0.9083850931677019,4.333333333333333,0.0,11.333333333333334
G_m2,T5,2036,2,True,0,0,0.75,1,2.0,1,0.631578947368421,0.5882352941176471,0.08860759493670886,1.0,4,0.8755472170106317,5.0,0.25,15.0
G_m2,T5,2037,2,True,0,0,0.25,1,2.0,1,0.631578947368421,0.5882352941176471,0.1,1.0,3,1.0,0.0,0.3333333333333333,16.333333333333332
G_m2,T5,2038,2,True,0,0,0.0,0,,0,0.5263157894736842,0.47058823529411764,0.1506849315068493,1.0,4,1.0,0.0,0.0,11.0
G_m2,T5,2039,2,True,0,0,0.75,1,0.0,1,0.5789473684210527,0.5294117647058824,0.09523809523809523,0.9444444444444444,7,0.8804511278195488,3.5714285714285716,0.2857142857142857,17.285714285714285
G_m2,T5,2040,2,True,1,23,1.0,1,35.0,0,0.5789473684210527,0.5882352941176471,0.08433734939759036,0.16393442622950818,4,0.8306451612903226,5.25,0.75,7.0
G_m2,T5,2041,2,True,0,0,0.0,0,,0,0.5263157894736842,0.47058823529411764,0.12,1.0,3,0.9895833333333334,0.0,0.0,13.666666666666666
G_m2,T5,2042,2,True,1,23,1.0,1,35.0,0,0.5789473684210527,0.6,0.08653846153846154,0.14049586776859505,5,0.8381627487989018,9.4,1.0,7.4
G_m2,T5,2043,2,True,0,0,0.0,0,,0,0.6842105263157895,0.7058823529411765,0.07894736842105263,1.0,3,0.7398373983739838,10.666666666666666,0.0,14.0
G_m2,T5,2044,2,True,0,0,0.0,0,,0,0.5789473684210527,0.5294117647058824,0.09411764705882353,1.0,5,0.9,4.4,0.0,18.2
G_m2,T5,2045,2,True,0,0,0.5,1,3.0,1,0.5789473684210527,0.5,0.10975609756097561,0.8888888888888888,3,1.0,0.0,0.3333333333333333,8.0
G_m2,T5,2046,2,True,0,0,0.5,1,6.0,1,0.7368421052631579,0.6875,0.061855670103092786,0.8888888888888888,3,0.8212560386473431,11.333333333333334,0.3333333333333333,12.0
G_m2,T5,2047,2,True,0,0,0.25,1,5.0,1,0.7368421052631579,0.7058823529411765,0.04672897196261682,0.9166666666666666,4,0.8002717391304348,13.0,0.5,12.0
G_m2,T5,2048,2,True,0,0,0.75,1,1.0,1,0.7368421052631579,0.6875,0.05357142857142857,0.8461538461538461,2,0.9076086956521738,8.5,0.5,16.0
G_m2,T5,2049,2,True,0,0,0.25,1,3.0,1,0.631578947368421,0.5625,0.08045977011494253,0.7368421052631579,3,0.9268292682926829,3.0,0.0,13.333333333333334
G_m2,T5,2050,2,True,0,0,0.0,0,,0,0.42105263157894735,0.375,0.14084507042253522,0.9090909090909091,4,0.8110944527736133,4.5,0.0,13.5
G_m2,T5,2051,2,True,1,1,0.5,1,1.0,1,0.7894736842105263,0.7333333333333333,0.03260869565217391,0.625,2,0.7337662337662337,20.5,0.0,17.0
G_m2,T5,2052,2,True,0,0,0.0,0,,0,0.7368421052631579,0.6666666666666666,0.052083333333333336,1.0,3,0.6320621468926554,17.333333333333332,0.0,14.333333333333334
G_m2,T5,2053,2,True,0,0,0.0,0,,0,0.5789473684210527,0.5625,0.11764705882352941,1.0,3,0.8440779610194902,4.0,0.0,9.0
G_m2,T5,2054,2,True,0,0,0.25,1,2.0,1,0.5263157894736842,0.47058823529411764,0.09411764705882353,0.7777777777777778,4,0.9133720930232558,3.75,0.25,13.75
G_m2,T5,2055,2,True,0,0,0.75,1,3.0,1,0.6842105263157895,0.6,0.0821917808219178,1.0,3,0.9487179487179488,2.0,0.3333333333333333,14.333333333333334
G_m2,T5,2056,2,True,0,0,0.0,0,,0,0.7368421052631579,0.75,0.057692307692307696,0.9,2,0.5188135593220339,26.0,0.0,16.5
G_m2,T5,2057,2,True,0,0,0.75,1,2.0,1,0.42105263157894735,0.3888888888888889,0.19672131147540983,0.9047619047619048,6,1.0,0.0,0.16666666666666666,15.0
G_m2,T5,2058,2,True,0,0,0.25,1,1.0,1,0.631578947368421,0.5882352941176471,0.10144927536231885,0.9090909090909091,4,1.0,0.0,0.5,14.0
G_m2,T5,2059,2,True,0,0,0.25,1,8.0,1,0.7368421052631579,0.6666666666666666,0.04597701149425287,0.7272727272727273,3,0.7944444444444444,12.333333333333334,0.3333333333333333,10.333333333333334
G_m4,none,2000,4,True,0,0,0.0,0,,0,0.7894736842105263,0.8125,0.043478260869565216,,0,,,,
G_m4,none,2001,4,True,0,0,0.0,0,,0,0.8421052631578947,0.8235294117647058,0.02912621359223301,,0,,,,
G_m4,none,2002,4,True,0,0,0.0,0,,0,0.8947368421052632,0.8888888888888888,0.03773584905660377,,0,,,,
G_m4,none,2003,4,True,0,0,0.0,0,,0,0.9473684210526315,0.9411764705882353,0.009259259259259259,,0,,,,
G_m4,none,2004,4,True,0,0,0.0,0,,0,0.8421052631578947,0.8666666666666667,0.04,,0,,,,
G_m4,none,2005,4,True,0,0,0.0,0,,0,0.9473684210526315,0.9333333333333333,0.0390625,,0,,,,
G_m4,none,2006,4,True,0,0,0.0,0,,0,0.7894736842105263,0.8125,0.04807692307692308,,1,0.48214285714285715,29.0,0.0,40.0
G_m4,none,2007,4,True,0,0,0.0,0,,0,0.8421052631578947,0.8125,0.026785714285714284,,0,,,,
G_m4,none,2008,4,True,0,0,0.0,0,,0,0.6842105263157895,0.75,0.06930693069306931,,0,,,,
G_m4,none,2009,4,True,0,0,0.0,0,,0,0.9473684210526315,0.9375,0.03361344537815126,,0,,,,
G_m4,none,2010,4,True,0,0,0.0,0,,0,0.7894736842105263,0.8125,0.03773584905660377,,0,,,,
G_m4,none,2011,4,True,0,0,0.0,0,,0,0.7894736842105263,0.875,0.05172413793103448,,0,,,,
G_m4,none,2012,4,True,0,0,0.0,0,,0,0.7368421052631579,0.75,0.044642857142857144,,0,,,,
G_m4,none,2013,4,True,0,0,0.0,0,,0,0.8421052631578947,0.8333333333333334,0.03636363636363636,,0,,,,
G_m4,none,2014,4,True,0,0,0.0,0,,0,0.8421052631578947,0.875,0.046296296296296294,,0,,,,
G_m4,none,2015,4,True,0,0,0.0,0,,0,0.8947368421052632,0.875,0.015748031496062992,,0,,,,
G_m4,none,2016,4,True,0,0,0.0,0,,0,0.7894736842105263,0.7777777777777778,0.05660377358490566,,0,,,,
G_m4,none,2017,4,True,0,0,0.0,0,,0,0.9473684210526315,0.9333333333333333,0.017391304347826087,,0,,,,
G_m4,none,2018,4,True,0,0,0.0,0,,0,1.0,1.0,0.00909090909090909,,0,,,,
G_m4,none,2019,4,True,0,0,0.0,0,,0,0.8947368421052632,0.8823529411764706,0.016260162601626018,,0,,,,
G_m4,none,2020,4,True,0,0,0.0,0,,0,0.8421052631578947,0.8235294117647058,0.04,,1,0.4,21.0,0.0,10.0
G_m4,none,2021,4,True,0,0,0.0,0,,0,0.9473684210526315,0.9333333333333333,0.017543859649122806,,0,,,,
G_m4,none,2022,4,True,0,0,0.0,0,,0,1.0,1.0,0.0,,0,,,,
G_m4,none,2023,4,True,0,0,0.0,0,,0,0.8947368421052632,0.8823529411764706,0.023255813953488372,,0,,,,
G_m4,none,2024,4,True,0,0,0.0,0,,0,1.0,1.0,0.007874015748031496,,0,,,,
G_m4,none,2025,4,True,0,0,0.0,0,,0,0.8947368421052632,0.875,0.028846153846153848,,0,,,,
G_m4,none,2026,4,True,0,0,0.0,0,,0,0.9473684210526315,0.9411764705882353,0.015267175572519083,,0,,,,
G_m4,none,2027,4,True,0,0,0.0,0,,0,1.0,1.0,0.0072992700729927005,,0,,,,
G_m4,none,2028,4,True,0,0,0.0,0,,0,0.9473684210526315,0.9333333333333333,0.008403361344537815,,0,,,,
G_m4,none,2029,4,True,0,0,0.0,0,,0,1.0,1.0,0.031496062992125984,,0,,,,
G_m4,none,2030,4,True,0,0,0.0,0,,0,0.8947368421052632,0.8888888888888888,0.041237113402061855,,0,,,,
G_m4,none,2031,4,True,0,0,0.0,0,,0,0.8421052631578947,0.9333333333333333,0.032520325203252036,,0,,,,
G_m4,none,2032,4,True,0,0,0.0,0,,0,0.8421052631578947,0.8,0.028037383177570093,,0,,,,
G_m4,none,2033,4,True,0,0,0.0,0,,0,0.7368421052631579,0.7058823529411765,0.058823529411764705,,0,,,,
G_m4,none,2034,4,True,0,0,0.0,0,,0,0.9473684210526315,0.9333333333333333,0.017543859649122806,,0,,,,
G_m4,none,2035,4,True,0,0,0.0,0,,0,0.8421052631578947,0.8235294117647058,0.04672897196261682,,0,,,,
G_m4,none,2036,4,True,0,0,0.0,0,,0,0.8947368421052632,0.8823529411764706,0.02702702702702703,,0,,,,
G_m4,none,2037,4,True,0,0,0.0,0,,0,0.8947368421052632,0.8823529411764706,0.02631578947368421,,0,,,,
G_m4,none,2038,4,True,0,0,0.0,0,,0,0.8947368421052632,0.8823529411764706,0.032,,0,,,,
G_m4,none,2039,4,True,0,0,0.0,0,,0,0.9473684210526315,0.9411764705882353,0.017241379310344827,,0,,,,
G_m4,none,2040,4,True,0,0,0.0,0,,0,0.8421052631578947,0.8823529411764706,0.0297029702970297,,0,,,,
G_m4,none,2041,4,True,0,0,0.0,0,,0,0.8421052631578947,0.8235294117647058,0.027777777777777776,,0,,,,
G_m4,none,2042,4,True,0,0,0.0,0,,0,0.7894736842105263,0.8666666666666667,0.046875,,0,,,,
G_m4,none,2043,4,True,0,0,0.0,0,,0,0.9473684210526315,1.0,0.009174311926605505,,0,,,,
G_m4,none,2044,4,True,0,0,0.0,0,,0,0.7894736842105263,0.7647058823529411,0.03571428571428571,,0,,,,
G_m4,none,2045,4,True,0,0,0.0,0,,0,0.8947368421052632,0.875,0.01694915254237288,,0,,,,
G_m4,none,2046,4,True,0,0,0.0,0,,0,0.8947368421052632,0.875,0.035398230088495575,,0,,,,
G_m4,none,2047,4,True,0,0,0.0,0,,0,1.0,1.0,0.014492753623188406,,0,,,,
G_m4,none,2048,4,True,0,0,0.0,0,,0,0.8947368421052632,0.875,0.03125,,0,,,,
G_m4,none,2049,4,True,0,0,0.0,0,,0,0.8947368421052632,0.875,0.01680672268907563,,0,,,,
G_m4,none,2050,4,True,0,0,0.0,0,,0,0.7894736842105263,0.8125,0.05714285714285714,,0,,,,
G_m4,none,2051,4,True,0,0,0.0,0,,0,0.9473684210526315,0.9333333333333333,0.018018018018018018,,0,,,,
G_m4,none,2052,4,True,0,0,0.0,0,,0,0.8947368421052632,0.8666666666666667,0.02459016393442623,,1,0.07608695652173914,85.0,0.0,12.0
G_m4,none,2053,4,True,0,0,0.0,0,,0,0.8947368421052632,0.9375,0.028846153846153848,,0,,,,
G_m4,none,2054,4,True,0,0,0.0,0,,0,0.6842105263157895,0.6470588235294118,0.0784313725490196,,0,,,,
G_m4,none,2055,4,True,0,0,0.0,0,,0,0.8947368421052632,0.8666666666666667,0.020833333333333332,,0,,,,
G_m4,none,2056,4,True,0,0,0.0,0,,0,0.8947368421052632,0.9375,0.016129032258064516,,0,,,,
G_m4,none,2057,4,True,0,0,0.0,0,,0,0.8947368421052632,0.8888888888888888,0.04424778761061947,,0,,,,
G_m4,none,2058,4,True,0,0,0.0,0,,0,1.0,1.0,0.008695652173913044,,0,,,,
G_m4,none,2059,4,True,0,0,0.0,0,,0,0.8947368421052632,0.8666666666666667,0.028846153846153848,,0,,,,
G_m4,T5,2000,4,True,0,0,0.0,0,,0,0.5263157894736842,0.5,0.11827956989247312,1.0,2,0.6646341463414634,27.5,0.0,34.0
G_m4,T5,2001,4,True,0,0,0.0,0,,0,0.5263157894736842,0.47058823529411764,0.13846153846153847,0.875,2,0.9479166666666667,2.5,0.0,24.5
G_m4,T5,2002,4,True,0,0,0.0,0,,0,0.7368421052631579,0.7222222222222222,0.07526881720430108,1.0,1,1.0,0.0,0.0,42.0
G_m4,T5,2003,4,True,0,0,0.0,0,,0,0.5263157894736842,0.47058823529411764,0.14516129032258066,1.0,3,0.886039886039886,1.0,0.0,22.333333333333332
G_m4,T5,2004,4,True,0,0,0.0,0,,0,0.631578947368421,0.6,0.09333333333333334,1.0,1,0.25,44.0,0.0,33.0
G_m4,T5,2005,4,True,0,0,0.25,1,3.0,1,0.47368421052631576,0.3333333333333333,0.16216216216216217,0.6,3,0.7115987460815046,13.333333333333334,0.0,29.0
G_m4,T5,2006,4,True,0,0,0.25,1,8.0,1,0.5263157894736842,0.5,0.11538461538461539,1.0,4,0.8221373746867168,5.25,0.5,23.75
G_m4,T5,2007,4,True,0,0,0.75,1,2.0,1,0.47368421052631576,0.375,0.13043478260869565,0.9285714285714286,5,0.9384615384615385,1.6,0.6,23.6
G_m4,T5,2008,4,True,0,0,0.5,1,1.0,1,0.2631578947368421,0.25,0.2153846153846154,0.9,5,0.9185185185185185,2.2,0.8,33.8
G_m4,T5,2009,4,True,0,0,0.0,0,,0,0.47368421052631576,0.375,0.16417910447761194,0.7272727272727273,4,0.8653846153846154,5.25,0.0,23.5
G_m4,T5,2010,4,True,0,0,0.0,0,,0,0.47368421052631576,0.4375,0.15254237288135594,1.0,3,0.9444444444444445,1.6666666666666667,0.0,31.333333333333332
G_m4,T5,2011,4,True,0,0,0.5,1,1.0,1,0.42105263157894735,0.4375,0.1527777777777778,1.0,3,0.9404761904761904,1.6666666666666667,0.0,25.0
G_m4,T5,2012,4,True,0,0,1.0,1,6.0,1,0.47368421052631576,0.4375,0.12048192771084337,0.65,3,0.9584929757343551,1.6666666666666667,0.3333333333333333,20.333333333333332
G_m4,T5,2013,4,True,0,0,0.0,0,,0,0.47368421052631576,0.4444444444444444,0.1388888888888889,0.625,3,0.7638888888888888,11.333333333333334,0.0,32.666666666666664
G_m4,T5,2014,4,True,0,0,0.0,0,,0,0.47368421052631576,0.4375,0.18032786885245902,1.0,2,0.7777777777777778,8.0,0.0,42.0
G_m4,T5,2015,4,True,0,0,0.0,0,,0,0.42105263157894735,0.3125,0.12987012987012986,1.0,3,1.0,0.0,0.0,27.666666666666668
G_m4,T5,2016,4,True,0,0,0.0,0,,0,0.2631578947368421,0.2222222222222222,0.29411764705882354,0.9,4,0.8951267056530214,1.5,0.0,28.25
G_m4,T5,2017,4,True,0,0,0.25,1,0.0,1,0.47368421052631576,0.3333333333333333,0.1388888888888889,1.0,4,0.8210248447204969,4.75,0.5,38.5
G_m4,T5,2018,4,True,0,0,0.25,1,1.0,1,0.42105263157894735,0.35294117647058826,0.15625,0.8333333333333334,3,0.937984496124031,2.6666666666666665,0.0,35.0
G_m4,T5,2019,4,True,0,0,0.25,1,3.0,1,0.47368421052631576,0.4117647058823529,0.13846153846153847,1.0,3,0.8290598290598291,6.666666666666667,0.3333333333333333,30.666666666666668
G_m4,T5,2020,4,True,0,0,0.0,0,,0,0.3684210526315789,0.29411764705882354,0.18032786885245902,0.875,3,1.0,0.0,0.0,43.0
G_m4,T5,2021,4,True,0,0,1.0,1,2.0,1,0.5789473684210527,0.4666666666666667,0.13043478260869565,0.5882352941176471,4,0.9516129032258065,1.5,0.25,23.0
G_m4,T5,2022,4,True,0,0,0.0,0,,0,0.631578947368421,0.5333333333333333,0.08433734939759036,1.0,2,0.6401360544217687,16.0,0.0,21.5
G_m4,T5,2023,4,True,1,1,0.5,1,4.0,1,0.3684210526315789,0.29411764705882354,0.1935483870967742,0.5333333333333333,3,0.8292682926829268,6.666666666666667,0.0,23.333333333333332
G_m4,T5,2024,4,True,0,0,0.25,1,1.0,1,0.42105263157894735,0.35294117647058826,0.15873015873015872,1.0,3,0.8888888888888888,4.0,0.0,39.666666666666664
G_m4,T5,2025,4,True,0,0,0.5,1,4.0,1,0.3684210526315789,0.25,0.21666666666666667,0.9166666666666666,4,0.8138297872340425,8.0,0.25,34.5
G_m4,T5,2026,4,True,0,0,0.75,1,7.0,1,0.5789473684210527,0.5294117647058824,0.08791208791208792,0.7777777777777778,2,0.7222222222222222,15.0,0.0,20.5
G_m4,T5,2027,4,True,0,0,0.0,0,,0,0.5789473684210527,0.5,0.08139534883720931,0.6363636363636364,2,0.6884057971014492,21.5,0.0,35.0
G_m4,T5,2028,4,True,0,0,0.5,1,6.0,1,0.47368421052631576,0.3333333333333333,0.11688311688311688,0.9411764705882353,4,0.8882575757575757,4.0,0.25,26.5
G_m4,T5,2029,4,True,0,0,0.5,1,3.0,1,0.5263157894736842,0.4375,0.16216216216216217,0.9090909090909091,3,0.8525641025641025,7.333333333333333,0.0,29.0
G_m4,T5,2030,4,True,1,3,1.0,1,32.0,0,0.6842105263157895,0.6666666666666666,0.08333333333333333,0.4368932038834951,6,0.8739176986513874,3.5,0.3333333333333333,18.5
G_m4,T5,2031,4,True,0,0,0.5,1,4.0,1,0.3684210526315789,0.3333333333333333,0.1774193548387097,0.875,2,0.7610722610722611,8.5,0.5,28.5
G_m4,T5,2032,4,True,0,0,0.0,0,,0,0.5263157894736842,0.4,0.11267605633802817,1.0,2,0.7682926829268293,9.5,0.0,39.0
G_m4,T5,2033,4,True,1,7,1.0,1,6.0,1,0.47368421052631576,0.4117647058823529,0.136986301369863,0.20689655172413793,3,0.6788001348163127,10.333333333333334,0.6666666666666666,17.333333333333332
G_m4,T5,2034,4,True,0,0,0.5,1,1.0,1,0.5263157894736842,0.4,0.11688311688311688,1.0,2,0.8452380952380952,6.5,0.0,28.0
G_m4,T5,2035,4,True,0,0,0.0,0,,0,0.5263157894736842,0.47058823529411764,0.15384615384615385,1.0,2,1.0,0.0,0.0,27.0
G_m4,T5,2036,4,True,0,0,0.0,0,,0,0.5789473684210527,0.5294117647058824,0.11594202898550725,1.0,2,0.8974358974358974,4.0,0.0,45.5
G_m4,T5,2037,4,True,0,0,0.0,0,,0,0.631578947368421,0.5882352941176471,0.1,1.0,2,1.0,0.0,0.0,25.5
G_m4,T5,2038,4,True,0,0,0.25,1,8.0,1,0.3684210526315789,0.29411764705882354,0.21052631578947367,1.0,4,0.9722222222222222,0.0,0.0,20.5
G_m4,T5,2039,4,True,0,0,0.0,0,,0,0.5263157894736842,0.47058823529411764,0.14492753623188406,1.0,4,0.7953125,6.25,0.0,20.5
G_m4,T5,2040,4,True,0,0,0.5,1,1.0,1,0.47368421052631576,0.47058823529411764,0.14285714285714285,0.8333333333333334,3,0.7741935483870969,7.0,0.0,35.333333333333336
G_m4,T5,2041,4,True,0,0,0.0,0,,0,0.47368421052631576,0.4117647058823529,0.15384615384615385,1.0,3,0.8485065710872163,0.0,0.0,26.666666666666668
G_m4,T5,2042,4,True,0,0,0.0,0,,0,0.47368421052631576,0.4666666666666667,0.1134020618556701,1.0,3,0.734375,16.333333333333332,0.0,19.666666666666668
G_m4,T5,2043,4,True,0,0,0.0,0,,0,0.631578947368421,0.6470588235294118,0.10144927536231885,1.0,2,0.6097560975609756,16.0,0.0,36.0
G_m4,T5,2044,4,True,0,0,0.25,1,3.0,1,0.42105263157894735,0.35294117647058826,0.16923076923076924,1.0,4,0.875,5.5,0.5,27.5
G_m4,T5,2045,4,True,0,0,0.5,1,3.0,1,0.42105263157894735,0.3125,0.14864864864864866,0.8333333333333334,4,0.8333333333333334,9.0,0.25,16.5
G_m4,T5,2046,4,True,0,0,0.0,0,,0,0.5789473684210527,0.5,0.13043478260869565,1.0,2,0.9745762711864407,1.5,0.0,23.5
G_m4,T5,2047,4,True,0,0,0.25,1,4.0,1,0.5263157894736842,0.47058823529411764,0.09876543209876543,1.0,3,0.9272727272727272,4.0,0.3333333333333333,20.0
G_m4,T5,2048,4,True,0,0,0.0,0,,0,0.631578947368421,0.5625,0.06930693069306931,0.75,2,0.7934157561817137,14.5,0.0,37.0
G_m4,T5,2049,4,True,0,0,0.25,1,2.0,1,0.5789473684210527,0.5,0.12698412698412698,0.875,2,0.8902439024390244,4.5,0.0,42.0
G_m4,T5,2050,4,True,0,0,0.0,0,,0,0.42105263157894735,0.375,0.18181818181818182,1.0,2,0.5268542199488491,12.5,0.0,26.0
G_m4,T5,2051,4,True,1,1,0.5,1,1.0,1,0.7368421052631579,0.6666666666666666,0.045454545454545456,0.4,1,0.4675324675324675,41.0,0.0,37.0
G_m4,T5,2052,4,True,0,0,0.25,1,4.0,1,0.5789473684210527,0.4666666666666667,0.07792207792207792,1.0,2,0.4112685560053981,27.0,0.0,21.0
G_m4,T5,2053,4,True,0,0,0.0,0,,0,0.47368421052631576,0.4375,0.17857142857142858,0.8888888888888888,3,0.9130434782608695,2.0,0.0,25.333333333333332
G_m4,T5,2054,4,True,0,0,0.0,0,,0,0.3684210526315789,0.29411764705882354,0.19047619047619047,0.8,3,1.0,0.0,0.0,24.666666666666668
G_m4,T5,2055,4,True,0,0,0.0,0,,0,0.5789473684210527,0.4666666666666667,0.11290322580645161,1.0,2,0.9230769230769231,3.0,0.0,42.5
G_m4,T5,2056,4,True,0,0,0.0,0,,0,0.5263157894736842,0.5,0.10588235294117647,0.5714285714285714,3,0.6697837521917007,15.0,0.0,28.0
G_m4,T5,2057,4,True,0,0,0.0,0,,0,0.3157894736842105,0.2777777777777778,0.2653061224489796,0.8461538461538461,3,0.9333333333333332,1.6666666666666667,0.0,29.0
G_m4,T5,2058,4,True,0,0,0.25,1,2.0,1,0.42105263157894735,0.35294117647058826,0.23404255319148937,0.8888888888888888,3,1.0,0.0,0.3333333333333333,27.333333333333332
G_m4,T5,2059,4,True,0,0,0.0,0,,0,0.6842105263157895,0.6,0.09859154929577464,1.0,2,0.77,11.5,0.0,27.0
G_m8,none,2000,8,True,0,0,0.0,0,,0,0.7894736842105263,0.8125,0.043478260869565216,,0,,,,
G_m8,none,2001,8,True,0,0,0.0,0,,0,0.8421052631578947,0.8235294117647058,0.02912621359223301,,0,,,,
G_m8,none,2002,8,True,0,0,0.0,0,,0,0.8947368421052632,0.8888888888888888,0.03773584905660377,,0,,,,
G_m8,none,2003,8,True,0,0,0.0,0,,0,0.9473684210526315,0.9411764705882353,0.009259259259259259,,0,,,,
G_m8,none,2004,8,True,0,0,0.0,0,,0,0.8421052631578947,0.8666666666666667,0.04,,0,,,,
G_m8,none,2005,8,True,0,0,0.0,0,,0,0.9473684210526315,0.9333333333333333,0.0390625,,0,,,,
G_m8,none,2006,8,True,0,0,0.0,0,,0,0.8421052631578947,0.875,0.03773584905660377,,0,,,,
G_m8,none,2007,8,True,0,0,0.0,0,,0,0.8421052631578947,0.8125,0.026785714285714284,,0,,,,
G_m8,none,2008,8,True,0,0,0.0,0,,0,0.6842105263157895,0.75,0.06930693069306931,,0,,,,
G_m8,none,2009,8,True,0,0,0.0,0,,0,0.9473684210526315,0.9375,0.03389830508474576,,0,,,,
G_m8,none,2010,8,True,0,0,0.0,0,,0,0.7894736842105263,0.8125,0.03773584905660377,,0,,,,
G_m8,none,2011,8,True,0,0,0.0,0,,0,0.7894736842105263,0.875,0.05263157894736842,,0,,,,
G_m8,none,2012,8,True,0,0,0.0,0,,0,0.7368421052631579,0.75,0.044642857142857144,,0,,,,
G_m8,none,2013,8,True,0,0,0.0,0,,0,0.8421052631578947,0.8333333333333334,0.03636363636363636,,0,,,,
G_m8,none,2014,8,True,0,0,0.0,0,,0,0.8421052631578947,0.875,0.057692307692307696,,0,,,,
G_m8,none,2015,8,True,0,0,0.0,0,,0,0.8947368421052632,0.875,0.015748031496062992,,0,,,,
G_m8,none,2016,8,True,0,0,0.0,0,,0,0.7368421052631579,0.7222222222222222,0.0660377358490566,,1,0.18309859154929578,58.0,0.0,32.0
G_m8,none,2017,8,True,0,0,0.0,0,,0,0.9473684210526315,0.9333333333333333,0.017391304347826087,,0,,,,
G_m8,none,2018,8,True,0,0,0.0,0,,0,1.0,1.0,0.00909090909090909,,0,,,,
G_m8,none,2019,8,True,0,0,0.0,0,,0,0.8947368421052632,0.8823529411764706,0.016260162601626018,,0,,,,
G_m8,none,2020,8,True,0,0,0.0,0,,0,0.8421052631578947,0.8235294117647058,0.04,,1,0.4,21.0,0.0,25.0
G_m8,none,2021,8,True,0,0,0.0,0,,0,0.9473684210526315,0.9333333333333333,0.02654867256637168,,0,,,,
G_m8,none,2022,8,True,0,0,0.0,0,,0,1.0,1.0,0.0,,0,,,,
G_m8,none,2023,8,True,0,0,0.0,0,,0,0.8947368421052632,0.8823529411764706,0.023255813953488372,,0,,,,
G_m8,none,2024,8,True,0,0,0.0,0,,0,1.0,1.0,0.007874015748031496,,0,,,,
G_m8,none,2025,8,True,0,0,0.0,0,,0,0.8947368421052632,0.875,0.028846153846153848,,0,,,,
G_m8,none,2026,8,True,0,0,0.0,0,,0,0.9473684210526315,0.9411764705882353,0.015267175572519083,,0,,,,
G_m8,none,2027,8,True,0,0,0.0,0,,0,1.0,1.0,0.0072992700729927005,,0,,,,
G_m8,none,2028,8,True,0,0,0.0,0,,0,0.9473684210526315,0.9333333333333333,0.008403361344537815,,0,,,,
G_m8,none,2029,8,True,0,0,0.0,0,,0,1.0,1.0,0.03968253968253968,,0,,,,
G_m8,none,2030,8,True,0,0,0.0,0,,0,0.8947368421052632,0.8888888888888888,0.041237113402061855,,0,,,,
G_m8,none,2031,8,True,0,0,0.0,0,,0,0.8421052631578947,0.9333333333333333,0.032520325203252036,,0,,,,
G_m8,none,2032,8,True,0,0,0.0,0,,0,0.8421052631578947,0.8,0.028037383177570093,,0,,,,
G_m8,none,2033,8,True,0,0,0.0,0,,0,0.7368421052631579,0.7058823529411765,0.058823529411764705,,0,,,,
G_m8,none,2034,8,True,0,0,0.0,0,,0,0.9473684210526315,0.9333333333333333,0.017543859649122806,,0,,,,
G_m8,none,2035,8,True,0,0,0.0,0,,0,0.8421052631578947,0.8235294117647058,0.04672897196261682,,0,,,,
G_m8,none,2036,8,True,0,0,0.0,0,,0,0.8947368421052632,0.8823529411764706,0.02702702702702703,,0,,,,
G_m8,none,2037,8,True,0,0,0.0,0,,0,0.8947368421052632,0.8823529411764706,0.02631578947368421,,0,,,,
G_m8,none,2038,8,True,0,0,0.0,0,,0,0.8947368421052632,0.8823529411764706,0.032,,0,,,,
G_m8,none,2039,8,True,0,0,0.0,0,,0,0.9473684210526315,0.9411764705882353,0.017391304347826087,,0,,,,
G_m8,none,2040,8,True,0,0,0.0,0,,0,0.8421052631578947,0.8823529411764706,0.0297029702970297,,0,,,,
G_m8,none,2041,8,True,0,0,0.0,0,,0,0.8421052631578947,0.8235294117647058,0.027777777777777776,,0,,,,
G_m8,none,2042,8,True,0,0,0.0,0,,0,0.7894736842105263,0.8666666666666667,0.046875,,0,,,,
G_m8,none,2043,8,True,0,0,0.0,0,,0,0.9473684210526315,1.0,0.009174311926605505,,0,,,,
G_m8,none,2044,8,True,0,0,0.0,0,,0,0.7894736842105263,0.7647058823529411,0.03571428571428571,,0,,,,
G_m8,none,2045,8,True,0,0,0.0,0,,0,0.8947368421052632,0.875,0.02608695652173913,,0,,,,
G_m8,none,2046,8,True,0,0,0.0,0,,0,0.8947368421052632,0.875,0.045454545454545456,,0,,,,
G_m8,none,2047,8,True,0,0,0.0,0,,0,1.0,1.0,0.014705882352941176,,0,,,,
G_m8,none,2048,8,True,0,0,0.0,0,,0,0.8947368421052632,0.875,0.031746031746031744,,0,,,,
G_m8,none,2049,8,True,0,0,0.0,0,,0,0.8947368421052632,0.875,0.01680672268907563,,0,,,,
G_m8,none,2050,8,True,0,0,0.0,0,,0,0.7894736842105263,0.8125,0.05714285714285714,,0,,,,
G_m8,none,2051,8,True,0,0,0.0,0,,0,0.9473684210526315,0.9333333333333333,0.018018018018018018,,0,,,,
G_m8,none,2052,8,True,0,0,0.0,0,,0,0.8421052631578947,0.8,0.03333333333333333,,1,0.07608695652173914,85.0,0.0,31.0
G_m8,none,2053,8,True,0,0,0.0,0,,0,0.8947368421052632,0.9375,0.028846153846153848,,0,,,,
G_m8,none,2054,8,True,0,0,0.0,0,,0,0.6842105263157895,0.6470588235294118,0.09183673469387756,,0,,,,
G_m8,none,2055,8,True,0,0,0.0,0,,0,0.8947368421052632,0.8666666666666667,0.020833333333333332,,0,,,,
G_m8,none,2056,8,True,0,0,0.0,0,,0,0.8947368421052632,0.9375,0.016129032258064516,,0,,,,
G_m8,none,2057,8,True,0,0,0.0,0,,0,0.8947368421052632,0.8888888888888888,0.05357142857142857,,0,,,,
G_m8,none,2058,8,True,0,0,0.0,0,,0,1.0,1.0,0.008695652173913044,,0,,,,
G_m8,none,2059,8,True,0,0,0.0,0,,0,0.8947368421052632,0.8666666666666667,0.028846153846153848,,0,,,,
G_m8,T5,2000,8,True,0,0,0.0,0,,0,0.5263157894736842,0.5,0.11956521739130435,1.0,2,0.6646341463414634,27.5,0.0,28.0
G_m8,T5,2001,8,True,0,0,0.0,0,,0,0.5789473684210527,0.5294117647058824,0.12903225806451613,0.6666666666666666,2,1.0,0.0,0.0,36.0
G_m8,T5,2002,8,True,0,0,0.0,0,,0,0.6842105263157895,0.6666666666666666,0.0898876404494382,1.0,1,1.0,0.0,0.0,42.0
G_m8,T5,2003,8,True,0,0,0.0,0,,0,0.15789473684210525,0.058823529411764705,0.45714285714285713,1.0,2,0.8846153846153846,1.5,0.0,57.5
G_m8,T5,2004,8,True,0,0,0.0,0,,0,0.5789473684210527,0.5333333333333333,0.1111111111111111,1.0,1,0.25,44.0,0.0,33.0
G_m8,T5,2005,8,True,0,0,0.0,0,,0,0.47368421052631576,0.3333333333333333,0.13333333333333333,0.5714285714285714,2,0.6491228070175439,20.0,0.0,44.5
G_m8,T5,2006,8,True,0,0,0.0,0,,0,0.47368421052631576,0.4375,0.15714285714285714,1.0,1,0.9824561403508771,0.0,0.0,39.0
G_m8,T5,2007,8,True,0,0,0.75,1,1.0,1,0.3684210526315789,0.25,0.21818181818181817,0.9,3,0.8974358974358975,2.6666666666666665,0.0,25.666666666666668
G_m8,T5,2008,8,True,0,0,0.5,1,1.0,1,0.21052631578947367,0.1875,0.24193548387096775,0.8888888888888888,5,0.9185185185185185,2.2,0.8,34.0
G_m8,T5,2009,8,True,0,0,0.0,0,,0,0.42105263157894735,0.3125,0.20689655172413793,1.0,2,1.0,0.0,0.0,35.5
G_m8,T5,2010,8,True,0,0,0.0,0,,0,0.42105263157894735,0.375,0.20754716981132076,0.5,2,0.9166666666666667,2.5,0.0,35.0
G_m8,T5,2011,8,True,0,0,0.0,0,,0,0.3684210526315789,0.375,0.20588235294117646,1.0,3,0.7450738916256158,7.333333333333333,0.0,40.666666666666664
G_m8,T5,2012,8,True,0,0,0.0,0,,0,0.3684210526315789,0.3125,0.19047619047619047,0.7142857142857143,2,0.9655172413793103,1.0,0.0,36.0
G_m8,T5,2013,8,True,0,0,0.0,0,,0,0.42105263157894735,0.3888888888888889,0.15714285714285714,0.42857142857142855,2,0.6458333333333334,17.0,0.0,34.0
G_m8,T5,2014,8,True,0,0,0.0,0,,0,0.3684210526315789,0.3125,0.19672131147540983,1.0,3,0.6851851851851851,9.0,0.0,36.0
G_m8,T5,2015,8,True,0,0,0.0,0,,0,0.5263157894736842,0.4375,0.0975609756097561,1.0,2,1.0,0.0,0.0,34.5
G_m8,T5,2016,8,True,0,0,0.0,0,,0,0.10526315789473684,0.05555555555555555,0.4857142857142857,1.0,3,0.8947368421052632,2.0,0.0,46.666666666666664
G_m8,T5,2017,8,True,0,0,0.25,1,0.0,1,0.47368421052631576,0.3333333333333333,0.14705882352941177,1.0,4,0.8210248447204969,4.75,0.5,42.75
G_m8,T5,2018,8,True,0,0,0.0,0,,0,0.2631578947368421,0.17647058823529413,0.23214285714285715,0.8,2,0.9069767441860466,4.0,0.0,54.5
G_m8,T5,2019,8,True,0,0,0.0,0,,0,0.47368421052631576,0.4117647058823529,0.13846153846153847,1.0,2,0.6029647435897436,14.5,0.0,31.5
G_m8,T5,2020,8,True,0,0,0.0,0,,0,0.3684210526315789,0.29411764705882354,0.22641509433962265,1.0,2,1.0,0.0,0.0,45.0
G_m8,T5,2021,8,True,0,0,1.0,1,2.0,1,0.5263157894736842,0.4,0.1267605633802817,0.875,3,0.8135326514555468,7.0,0.3333333333333333,30.333333333333332
G_m8,T5,2022,8,True,0,0,0.0,0,,0,0.42105263157894735,0.26666666666666666,0.16666666666666666,1.0,2,0.5965463108320251,16.0,0.0,37.5
G_m8,T5,2023,8,True,0,0,0.75,1,4.0,1,0.2631578947368421,0.17647058823529413,0.22033898305084745,0.9166666666666666,3,0.8888888888888888,4.0,0.0,29.666666666666668
G_m8,T5,2024,8,True,0,0,0.0,0,,0,0.42105263157894735,0.35294117647058826,0.15151515151515152,1.0,2,0.8333333333333333,6.0,0.0,39.5
G_m8,T5,2025,8,True,0,0,0.25,1,4.0,1,0.3684210526315789,0.25,0.19117647058823528,1.0,4,0.967391304347826,1.5,0.25,40.0
G_m8,T5,2026,8,True,0,0,0.0,0,,0,0.42105263157894735,0.35294117647058826,0.11428571428571428,0.5,3,0.7072879330943848,13.333333333333334,0.0,27.333333333333332
G_m8,T5,2027,8,True,0,0,0.0,0,,0,0.5789473684210527,0.5,0.09876543209876543,0.8333333333333334,1,0.37681159420289856,43.0,0.0,45.0
G_m8,T5,2028,8,True,0,0,0.5,1,4.0,1,0.3157894736842105,0.13333333333333333,0.15584415584415584,0.7272727272727273,5,0.8078947368421053,7.4,0.2,40.6
G_m8,T5,2029,8,True,0,0,0.0,0,,0,0.42105263157894735,0.3125,0.1875,1.0,2,0.7788461538461539,11.0,0.0,45.0
G_m8,T5,2030,8,True,0,0,1.0,1,32.0,0,0.631578947368421,0.6111111111111112,0.08860759493670886,0.5568181818181818,5,0.8579062993499443,4.4,0.4,21.8
G_m8,T5,2031,8,True,0,0,0.5,1,4.0,1,0.2631578947368421,0.2,0.2545454545454545,0.875,2,0.7422634836427939,8.5,0.5,41.5
G_m8,T5,2032,8,True,0,0,0.0,0,,0,0.5263157894736842,0.4,0.11594202898550725,0.8,2,0.7682926829268293,9.5,0.0,33.0
G_m8,T5,2033,8,True,1,1,1.0,1,17.0,0,0.5263157894736842,0.47058823529411764,0.14705882352941177,0.3170731707317073,3,0.7226318774815654,11.666666666666666,0.6666666666666666,25.666666666666668
G_m8,T5,2034,8,True,0,0,0.0,0,,0,0.5789473684210527,0.4666666666666667,0.14084507042253522,1.0,1,0.6904761904761905,13.0,0.0,54.0
G_m8,T5,2035,8,True,0,0,0.25,1,3.0,1,0.3684210526315789,0.29411764705882354,0.23728813559322035,1.0,3,0.8888888888888888,3.0,0.3333333333333333,38.333333333333336
G_m8,T5,2036,8,True,0,0,0.0,0,,0,0.5263157894736842,0.47058823529411764,0.1095890410958904,0.625,2,0.8974358974358974,4.0,0.0,35.0
G_m8,T5,2037,8,True,0,0,0.0,0,,0,0.5263157894736842,0.47058823529411764,0.14925373134328357,1.0,1,1.0,0.0,0.0,54.0
G_m8,T5,2038,8,True,0,0,0.25,1,3.0,1,0.3684210526315789,0.29411764705882354,0.2,1.0,3,0.9645390070921985,1.6666666666666667,0.0,26.0
G_m8,T5,2039,8,True,0,0,0.0,0,,0,0.3157894736842105,0.23529411764705882,0.25,1.0,4,0.85,4.5,0.0,32.75
G_m8,T5,2040,8,True,0,0,0.0,0,,0,0.3684210526315789,0.35294117647058826,0.2,0.75,2,0.6612903225806451,10.5,0.0,54.5
G_m8,T5,2041,8,True,0,0,0.0,0,,0,0.3157894736842105,0.23529411764705882,0.20967741935483872,1.0,2,0.6267281105990783,7.0,0.0,52.5
G_m8,T5,2042,8,True,0,0,0.0,0,,0,0.42105263157894735,0.4,0.14457831325301204,1.0,1,0.265625,47.0,0.0,45.0
G_m8,T5,2043,8,True,0,0,0.0,0,,0,0.5789473684210527,0.5882352941176471,0.12307692307692308,1.0,1,0.21951219512195122,32.0,0.0,47.0
G_m8,T5,2044,8,True,0,0,0.0,0,,0,0.5263157894736842,0.47058823529411764,0.11428571428571428,0.5714285714285714,2,0.75,11.0,0.0,35.0
G_m8,T5,2045,8,True,0,0,0.5,1,1.0,1,0.3684210526315789,0.25,0.18333333333333332,1.0,2,1.0,0.0,0.0,42.0
G_m8,T5,2046,8,True,0,0,0.0,0,,0,0.5263157894736842,0.4375,0.15873015873015872,1.0,1,1.0,0.0,0.0,50.0
G_m8,T5,2047,8,True,0,0,0.0,0,,0,0.3157894736842105,0.23529411764705882,0.1896551724137931,1.0,2,1.0,0.0,0.0,40.0
G_m8,T5,2048,8,True,0,0,0.0,0,,0,0.5789473684210527,0.5,0.07920792079207921,0.75,2,0.7934157561817137,14.5,0.0,37.0
G_m8,T5,2049,8,True,0,0,0.0,0,,0,0.5263157894736842,0.4375,0.140625,0.8333333333333334,1,0.7804878048780488,9.0,0.0,52.0
G_m8,T5,2050,8,True,0,0,0.0,0,,0,0.2631578947368421,0.1875,0.1864406779661017,0.6666666666666666,3,0.7697881828316611,5.333333333333333,0.0,32.0
G_m8,T5,2051,8,True,1,1,0.5,1,1.0,1,0.7368421052631579,0.6666666666666666,0.045454545454545456,0.4,1,0.4675324675324675,41.0,0.0,37.0
G_m8,T5,2052,8,True,0,0,0.0,0,,0,0.5263157894736842,0.4,0.11428571428571428,1.0,1,0.24561403508771928,43.0,0.0,49.0
G_m8,T5,2053,8,True,0,0,0.0,0,,0,0.5263157894736842,0.5,0.14754098360655737,1.0,1,0.7391304347826086,6.0,0.0,57.0
G_m8,T5,2054,8,True,0,0,0.0,0,,0,0.3684210526315789,0.29411764705882354,0.1791044776119403,0.8,2,0.9,4.5,0.0,38.0
G_m8,T5,2055,8,True,0,0,0.0,0,,0,0.5789473684210527,0.4666666666666667,0.13333333333333333,1.0,1,0.8461538461538461,6.0,0.0,54.0
G_m8,T5,2056,8,True,0,0,0.0,0,,0,0.5789473684210527,0.5625,0.1125,1.0,1,0.4576271186440678,32.0,0.0,42.0
G_m8,T5,2057,8,True,0,0,0.0,0,,0,0.42105263157894735,0.3888888888888889,0.17543859649122806,0.8333333333333334,2,0.84375,5.0,0.0,44.0
G_m8,T5,2058,8,True,0,0,0.0,0,,0,0.5789473684210527,0.5294117647058824,0.14035087719298245,0.8,1,1.0,0.0,0.0,62.0
G_m8,T5,2059,8,True,0,0,0.0,0,,0,0.6842105263157895,0.6,0.10144927536231885,1.0,1,0.54,23.0,0.0,39.0
G_m12,none,2000,12,True,0,0,0.0,0,,0,0.7894736842105263,0.8125,0.043478260869565216,,0,,,,
G_m12,none,2001,12,True,0,0,0.0,0,,0,0.8421052631578947,0.8235294117647058,0.02912621359223301,,0,,,,
G_m12,none,2002,12,True,0,0,0.0,0,,0,0.8947368421052632,0.8888888888888888,0.03773584905660377,,0,,,,
G_m12,none,2003,12,True,0,0,0.0,0,,0,0.9473684210526315,0.9411764705882353,0.009259259259259259,,0,,,,
G_m12,none,2004,12,True,0,0,0.0,0,,0,0.8421052631578947,0.8666666666666667,0.04,,0,,,,
G_m12,none,2005,12,True,0,0,0.0,0,,0,0.9473684210526315,0.9333333333333333,0.03937007874015748,,0,,,,
G_m12,none,2006,12,True,0,0,0.0,0,,0,0.8421052631578947,0.875,0.03773584905660377,,0,,,,
G_m12,none,2007,12,True,0,0,0.0,0,,0,0.8421052631578947,0.8125,0.026785714285714284,,0,,,,
G_m12,none,2008,12,True,0,0,0.0,0,,0,0.6842105263157895,0.75,0.06930693069306931,,0,,,,
G_m12,none,2009,12,True,0,0,0.0,0,,0,0.9473684210526315,0.9375,0.03389830508474576,,0,,,,
G_m12,none,2010,12,True,0,0,0.0,0,,0,0.7894736842105263,0.8125,0.03773584905660377,,0,,,,
G_m12,none,2011,12,True,0,0,0.0,0,,0,0.7894736842105263,0.875,0.05263157894736842,,0,,,,
G_m12,none,2012,12,True,0,0,0.0,0,,0,0.7368421052631579,0.75,0.05504587155963303,,0,,,,
G_m12,none,2013,12,True,0,0,0.0,0,,0,0.8421052631578947,0.8333333333333334,0.03636363636363636,,0,,,,
G_m12,none,2014,12,True,0,0,0.0,0,,0,0.8421052631578947,0.875,0.058823529411764705,,0,,,,
G_m12,none,2015,12,True,0,0,0.0,0,,0,0.8947368421052632,0.875,0.015748031496062992,,0,,,,
G_m12,none,2016,12,True,0,0,0.0,0,,0,0.7894736842105263,0.7777777777777778,0.06796116504854369,,0,,,,
G_m12,none,2017,12,True,0,0,0.0,0,,0,0.9473684210526315,0.9333333333333333,0.017391304347826087,,0,,,,
G_m12,none,2018,12,True,0,0,0.0,0,,0,1.0,1.0,0.00909090909090909,,0,,,,
G_m12,none,2019,12,True,0,0,0.0,0,,0,0.8947368421052632,0.8823529411764706,0.016260162601626018,,0,,,,
G_m12,none,2020,12,True,0,0,0.0,0,,0,0.8421052631578947,0.8235294117647058,0.04,,1,0.4,21.0,0.0,34.0
G_m12,none,2021,12,True,0,0,0.0,0,,0,0.9473684210526315,0.9333333333333333,0.02654867256637168,,0,,,,
G_m12,none,2022,12,True,0,0,0.0,0,,0,1.0,1.0,0.0,,0,,,,
G_m12,none,2023,12,True,0,0,0.0,0,,0,0.8947368421052632,0.8823529411764706,0.023255813953488372,,0,,,,
G_m12,none,2024,12,True,0,0,0.0,0,,0,1.0,1.0,0.007874015748031496,,0,,,,
G_m12,none,2025,12,True,0,0,0.0,0,,0,0.8947368421052632,0.875,0.028846153846153848,,0,,,,
G_m12,none,2026,12,True,0,0,0.0,0,,0,0.9473684210526315,0.9411764705882353,0.015267175572519083,,0,,,,
G_m12,none,2027,12,True,0,0,0.0,0,,0,1.0,1.0,0.0072992700729927005,,0,,,,
G_m12,none,2028,12,True,0,0,0.0,0,,0,0.9473684210526315,0.9333333333333333,0.008403361344537815,,0,,,,
G_m12,none,2029,12,True,0,0,0.0,0,,0,1.0,1.0,0.03968253968253968,,0,,,,
G_m12,none,2030,12,True,0,0,0.0,0,,0,0.7894736842105263,0.7777777777777778,0.061855670103092786,,1,0.5,23.0,0.0,44.0
G_m12,none,2031,12,True,0,0,0.0,0,,0,0.8421052631578947,0.9333333333333333,0.032520325203252036,,0,,,,
G_m12,none,2032,12,True,0,0,0.0,0,,0,0.8421052631578947,0.8,0.028037383177570093,,0,,,,
G_m12,none,2033,12,True,0,0,0.0,0,,0,0.7368421052631579,0.7058823529411765,0.058823529411764705,,0,,,,
G_m12,none,2034,12,True,0,0,0.0,0,,0,0.9473684210526315,0.9333333333333333,0.017543859649122806,,0,,,,
G_m12,none,2035,12,True,0,0,0.0,0,,0,0.8421052631578947,0.8235294117647058,0.04716981132075472,,0,,,,
G_m12,none,2036,12,True,0,0,0.0,0,,0,0.8947368421052632,0.8823529411764706,0.037383177570093455,,0,,,,
G_m12,none,2037,12,True,0,0,0.0,0,,0,0.8947368421052632,0.8823529411764706,0.02631578947368421,,0,,,,
G_m12,none,2038,12,True,0,0,0.0,0,,0,0.8947368421052632,0.8823529411764706,0.04032258064516129,,0,,,,
G_m12,none,2039,12,True,0,0,0.0,0,,0,0.9473684210526315,0.9411764705882353,0.017391304347826087,,0,,,,
G_m12,none,2040,12,True,0,0,0.0,0,,0,0.8421052631578947,0.8823529411764706,0.0297029702970297,,0,,,,
G_m12,none,2041,12,True,0,0,0.0,0,,0,0.8421052631578947,0.8235294117647058,0.027777777777777776,,0,,,,
G_m12,none,2042,12,True,0,0,0.0,0,,0,0.7894736842105263,0.8666666666666667,0.046875,,0,,,,
G_m12,none,2043,12,True,0,0,0.0,0,,0,0.9473684210526315,1.0,0.009174311926605505,,0,,,,
G_m12,none,2044,12,True,0,0,0.0,0,,0,0.7894736842105263,0.7647058823529411,0.03571428571428571,,0,,,,
G_m12,none,2045,12,True,0,0,0.0,0,,0,0.8947368421052632,0.875,0.02608695652173913,,0,,,,
G_m12,none,2046,12,True,0,0,0.0,0,,0,0.8421052631578947,0.8125,0.05405405405405406,,1,0.4098360655737705,36.0,0.0,41.0
G_m12,none,2047,12,True,0,0,0.0,0,,0,1.0,1.0,0.014705882352941176,,0,,,,
G_m12,none,2048,12,True,0,0,0.0,0,,0,0.8947368421052632,0.875,0.031746031746031744,,0,,,,
G_m12,none,2049,12,True,0,0,0.0,0,,0,0.8947368421052632,0.875,0.01680672268907563,,0,,,,
G_m12,none,2050,12,True,0,0,0.0,0,,0,0.7894736842105263,0.8125,0.05714285714285714,,0,,,,
G_m12,none,2051,12,True,0,0,0.0,0,,0,0.9473684210526315,0.9333333333333333,0.018018018018018018,,0,,,,
G_m12,none,2052,12,True,0,0,0.0,0,,0,0.8421052631578947,0.8,0.03333333333333333,,1,0.07608695652173914,85.0,0.0,31.0
G_m12,none,2053,12,True,0,0,0.0,0,,0,0.8947368421052632,0.9375,0.028846153846153848,,0,,,,
G_m12,none,2054,12,True,0,0,0.0,0,,0,0.6842105263157895,0.6470588235294118,0.09183673469387756,,0,,,,
G_m12,none,2055,12,True,0,0,0.0,0,,0,0.8947368421052632,0.8666666666666667,0.020833333333333332,,0,,,,
G_m12,none,2056,12,True,0,0,0.0,0,,0,0.8947368421052632,0.9375,0.024793388429752067,,0,,,,
G_m12,none,2057,12,True,0,0,0.0,0,,0,0.8947368421052632,0.8888888888888888,0.05357142857142857,,0,,,,
G_m12,none,2058,12,True,0,0,0.0,0,,0,1.0,1.0,0.008695652173913044,,0,,,,
G_m12,none,2059,12,True,0,0,0.0,0,,0,0.8947368421052632,0.8666666666666667,0.038834951456310676,,0,,,,
G_m12,T5,2000,12,True,0,0,0.0,0,,0,0.47368421052631576,0.4375,0.1411764705882353,1.0,1,0.32926829268292684,55.0,0.0,41.0
G_m12,T5,2001,12,True,0,0,0.0,0,,0,0.5263157894736842,0.47058823529411764,0.15254237288135594,0.8,1,1.0,0.0,0.0,57.0
G_m12,T5,2002,12,True,0,0,0.0,0,,0,0.6842105263157895,0.6666666666666666,0.0898876404494382,1.0,1,1.0,0.0,0.0,42.0
G_m12,T5,2003,12,True,0,0,0.0,0,,0,0.15789473684210525,0.058823529411764705,0.45714285714285713,1.0,2,0.8846153846153846,1.5,0.0,57.5
G_m12,T5,2004,12,True,0,0,0.0,0,,0,0.5789473684210527,0.5333333333333333,0.1111111111111111,1.0,1,0.25,44.0,0.0,33.0
G_m12,T5,2005,12,True,0,0,0.0,0,,0,0.42105263157894735,0.26666666666666666,0.15492957746478872,0.5714285714285714,2,0.6491228070175439,20.0,0.0,44.5
G_m12,T5,2006,12,True,0,0,0.0,0,,0,0.47368421052631576,0.4375,0.15714285714285714,1.0,1,0.9824561403508771,0.0,0.0,39.0
G_m12,T5,2007,12,True,0,0,0.0,0,,0,0.42105263157894735,0.3125,0.21153846153846154,0.875,1,0.6923076923076923,8.0,0.0,56.0
G_m12,T5,2008,12,True,0,0,0.5,1,1.0,1,0.21052631578947367,0.1875,0.24193548387096775,0.8888888888888888,5,0.9185185185185185,2.2,0.8,34.0
G_m12,T5,2009,12,True,0,0,0.0,0,,0,0.3684210526315789,0.25,0.24074074074074073,1.0,1,1.0,0.0,0.0,50.0
G_m12,T5,2010,12,True,0,0,0.0,0,,0,0.42105263157894735,0.375,0.21568627450980393,1.0,1,0.8333333333333334,5.0,0.0,51.0
G_m12,T5,2011,12,True,0,0,0.0,0,,0,0.2631578947368421,0.25,0.23529411764705882,1.0,3,0.7450738916256158,7.333333333333333,0.0,40.666666666666664
G_m12,T5,2012,12,True,0,0,0.0,0,,0,0.3684210526315789,0.3125,0.2037037037037037,0.6666666666666666,1,0.9310344827586207,2.0,0.0,55.0
G_m12,T5,2013,12,True,0,0,0.0,0,,0,0.3684210526315789,0.3333333333333333,0.1875,1.0,1,0.2916666666666667,34.0,0.0,49.0
G_m12,T5,2014,12,True,0,0,0.0,0,,0,0.3684210526315789,0.3125,0.22807017543859648,1.0,2,0.5277777777777778,13.5,0.0,46.0
G_m12,T5,2015,12,True,0,0,0.0,0,,0,0.42105263157894735,0.3125,0.16176470588235295,1.0,1,1.0,0.0,0.0,54.0
G_m12,T5,2016,12,True,0,0,0.0,0,,0,0.10526315789473684,0.05555555555555555,0.5151515151515151,1.0,2,0.8421052631578947,3.0,0.0,60.5
G_m12,T5,2017,12,True,0,0,0.25,1,0.0,1,0.47368421052631576,0.3333333333333333,0.14705882352941177,1.0,4,0.8210248447204969,4.75,0.5,42.75
G_m12,T5,2018,12,True,0,0,0.0,0,,0,0.2631578947368421,0.17647058823529413,0.23214285714285715,0.8,2,0.9069767441860466,4.0,0.0,54.5
G_m12,T5,2019,12,True,0,0,0.0,0,,0,0.42105263157894735,0.35294117647058826,0.2037037037037037,1.0,1,0.48717948717948717,20.0,0.0,47.0
G_m12,T5,2020,12,True,0,0,0.0,0,,0,0.3157894736842105,0.23529411764705882,0.2653061224489796,1.0,1,1.0,0.0,0.0,62.0
G_m12,T5,2021,12,True,0,0,0.0,0,,0,0.42105263157894735,0.26666666666666666,0.2037037037037037,1.0,1,0.8064516129032258,6.0,0.0,57.0
G_m12,T5,2022,12,True,0,0,0.0,0,,0,0.42105263157894735,0.26666666666666666,0.16666666666666666,1.0,2,0.5965463108320251,16.0,0.0,37.5
G_m12,T5,2023,12,True,0,0,0.5,1,2.0,1,0.2631578947368421,0.17647058823529413,0.3181818181818182,0.8,2,1.0,0.0,0.0,42.0
G_m12,T5,2024,12,True,0,0,0.0,0,,0,0.3684210526315789,0.29411764705882354,0.21818181818181817,1.0,1,0.6666666666666666,12.0,0.0,57.0
G_m12,T5,2025,12,True,0,0,0.25,1,4.0,1,0.3157894736842105,0.1875,0.23728813559322035,1.0,3,0.9565217391304347,2.0,0.3333333333333333,45.666666666666664
G_m12,T5,2026,12,True,0,0,0.0,0,,0,0.42105263157894735,0.35294117647058826,0.15873015873015872,1.0,1,0.4444444444444444,30.0,0.0,48.0
G_m12,T5,2027,12,True,0,0,0.0,0,,0,0.5789473684210527,0.5,0.09876543209876543,0.8333333333333334,1,0.37681159420289856,43.0,0.0,45.0
G_m12,T5,2028,12,True,0,0,0.5,1,4.0,1,0.3157894736842105,0.13333333333333333,0.16,0.7,4,0.7598684210526316,9.25,0.25,43.75
G_m12,T5,2029,12,True,0,0,0.0,0,,0,0.42105263157894735,0.3125,0.1875,1.0,2,0.7788461538461539,11.0,0.0,45.0
G_m12,T5,2030,12,True,0,0,1.0,1,32.0,0,0.5789473684210527,0.5555555555555556,0.11688311688311688,0.5,4,0.791781770328681,5.25,0.75,31.5
G_m12,T5,2031,12,True,0,0,0.5,1,4.0,1,0.2631578947368421,0.2,0.2545454545454545,0.875,2,0.7422634836427939,8.5,0.5,41.5
G_m12,T5,2032,12,True,0,0,0.0,0,,0,0.5263157894736842,0.4,0.13432835820895522,1.0,1,0.5365853658536586,19.0,0.0,50.0
G_m12,T5,2033,12,True,0,0,0.0,0,,0,0.47368421052631576,0.4117647058823529,0.171875,1.0,1,0.5581395348837209,19.0,0.0,54.0
G_m12,T5,2034,12,True,0,0,0.0,0,,0,0.5789473684210527,0.4666666666666667,0.14084507042253522,1.0,1,0.6904761904761905,13.0,0.0,54.0
G_m12,T5,2035,12,True,0,0,0.0,0,,0,0.3157894736842105,0.23529411764705882,0.3,1.0,2,0.8333333333333333,4.5,0.0,46.0
G_m12,T5,2036,12,True,0,0,0.0,0,,0,0.5263157894736842,0.47058823529411764,0.13846153846153847,1.0,1,0.7948717948717948,8.0,0.0,54.0
G_m12,T5,2037,12,True,0,0,0.0,0,,0,0.5263157894736842,0.47058823529411764,0.14925373134328357,1.0,1,1.0,0.0,0.0,54.0
G_m12,T5,2038,12,True,0,0,0.0,0,,0,0.2631578947368421,0.17647058823529413,0.3023255813953488,1.0,2,1.0,0.0,0.0,39.0
G_m12,T5,2039,12,True,0,0,0.0,0,,0,0.3684210526315789,0.29411764705882354,0.24489795918367346,1.0,2,0.7,9.0,0.0,35.5
G_m12,T5,2040,12,True,0,0,0.0,0,,0,0.3684210526315789,0.35294117647058826,0.2,0.75,2,0.6612903225806451,10.5,0.0,54.5
G_m12,T5,2041,12,True,0,0,0.0,0,,0,0.2631578947368421,0.17647058823529413,0.2413793103448276,1.0,2,0.6267281105990783,7.0,0.0,52.5
G_m12,T5,2042,12,True,0,0,0.0,0,,0,0.42105263157894735,0.4,0.14457831325301204,1.0,1,0.265625,47.0,0.0,45.0
G_m12,T5,2043,12,True,0,0,0.0,0,,0,0.5789473684210527,0.5882352941176471,0.12307692307692308,1.0,1,0.21951219512195122,32.0,0.0,47.0
G_m12,T5,2044,12,True,0,0,0.0,0,,0,0.47368421052631576,0.4117647058823529,0.1694915254237288,1.0,1,0.5,22.0,0.0,51.0
G_m12,T5,2045,12,True,0,0,0.0,0,,0,0.3684210526315789,0.25,0.21052631578947367,1.0,1,1.0,0.0,0.0,56.0
G_m12,T5,2046,12,True,0,0,0.0,0,,0,0.5263157894736842,0.4375,0.15873015873015872,1.0,1,1.0,0.0,0.0,50.0
G_m12,T5,2047,12,True,0,0,0.0,0,,0,0.3157894736842105,0.23529411764705882,0.22641509433962265,1.0,1,1.0,0.0,0.0,55.0
G_m12,T5,2048,12,True,0,0,0.0,0,,0,0.5789473684210527,0.5,0.07920792079207921,0.75,2,0.7934157561817137,14.5,0.0,37.0
G_m12,T5,2049,12,True,0,0,0.0,0,,0,0.5263157894736842,0.4375,0.15,0.8333333333333334,1,0.7804878048780488,9.0,0.0,52.0
G_m12,T5,2050,12,True,0,0,0.0,0,,0,0.2631578947368421,0.1875,0.2826086956521739,1.0,1,0.34782608695652173,15.0,0.0,58.0
G_m12,T5,2051,12,True,1,1,0.5,1,1.0,1,0.7368421052631579,0.6666666666666666,0.045454545454545456,0.4,1,0.4675324675324675,41.0,0.0,37.0
G_m12,T5,2052,12,True,0,0,0.0,0,,0,0.5263157894736842,0.4,0.11428571428571428,1.0,1,0.24561403508771928,43.0,0.0,49.0
G_m12,T5,2053,12,True,0,0,0.0,0,,0,0.3684210526315789,0.3125,0.2857142857142857,1.0,1,0.7391304347826086,6.0,0.0,57.0
G_m12,T5,2054,12,True,0,0,0.0,0,,0,0.3157894736842105,0.23529411764705882,0.23214285714285715,0.75,1,1.0,0.0,0.0,57.0
G_m12,T5,2055,12,True,0,0,0.0,0,,0,0.5789473684210527,0.4666666666666667,0.13333333333333333,1.0,1,0.8461538461538461,6.0,0.0,54.0
G_m12,T5,2056,12,True,0,0,0.0,0,,0,0.5789473684210527,0.5625,0.1125,1.0,1,0.4576271186440678,32.0,0.0,42.0
G_m12,T5,2057,12,True,0,0,0.0,0,,0,0.3684210526315789,0.3333333333333333,0.26666666666666666,0.8,1,1.0,0.0,0.0,63.0
G_m12,T5,2058,12,True,0,0,0.0,0,,0,0.5263157894736842,0.47058823529411764,0.1956521739130435,0.8,1,1.0,0.0,0.0,62.0
G_m12,T5,2059,12,True,0,0,0.0,0,,0,0.6842105263157895,0.6,0.10144927536231885,1.0,1,0.54,23.0,0.0,39.0
G_noprob,none,2000,4,False,0,0,0.0,0,,0,0.7894736842105263,0.8125,0.043478260869565216,,0,,,,
G_noprob,none,2001,4,False,0,0,0.0,0,,0,0.8421052631578947,0.8235294117647058,0.02912621359223301,,0,,,,
G_noprob,none,2002,4,False,0,0,0.0,0,,0,0.8947368421052632,0.8888888888888888,0.03773584905660377,,0,,,,
G_noprob,none,2003,4,False,0,0,0.0,0,,0,0.9473684210526315,0.9411764705882353,0.009259259259259259,,0,,,,
G_noprob,none,2004,4,False,0,0,0.0,0,,0,0.8421052631578947,0.8666666666666667,0.04,,0,,,,
G_noprob,none,2005,4,False,0,0,0.0,0,,0,0.9473684210526315,0.9333333333333333,0.0390625,,0,,,,
G_noprob,none,2006,4,False,0,0,0.0,0,,0,0.7894736842105263,0.8125,0.03773584905660377,,1,0.48214285714285715,29.0,0.0,0.0
G_noprob,none,2007,4,False,0,0,0.0,0,,0,0.8421052631578947,0.8125,0.026785714285714284,,0,,,,
G_noprob,none,2008,4,False,0,0,0.0,0,,0,0.6842105263157895,0.75,0.06930693069306931,,0,,,,
G_noprob,none,2009,4,False,0,0,0.0,0,,0,0.9473684210526315,0.9375,0.03361344537815126,,0,,,,
G_noprob,none,2010,4,False,0,0,0.0,0,,0,0.7894736842105263,0.8125,0.03773584905660377,,0,,,,
G_noprob,none,2011,4,False,0,0,0.0,0,,0,0.7894736842105263,0.875,0.05172413793103448,,0,,,,
G_noprob,none,2012,4,False,0,0,0.0,0,,0,0.7368421052631579,0.75,0.044642857142857144,,0,,,,
G_noprob,none,2013,4,False,0,0,0.0,0,,0,0.8421052631578947,0.8333333333333334,0.03636363636363636,,0,,,,
G_noprob,none,2014,4,False,0,0,0.0,0,,0,0.8421052631578947,0.875,0.046296296296296294,,0,,,,
G_noprob,none,2015,4,False,0,0,0.0,0,,0,0.8947368421052632,0.875,0.015748031496062992,,0,,,,
G_noprob,none,2016,4,False,0,0,0.0,0,,0,0.7894736842105263,0.7777777777777778,0.05660377358490566,,0,,,,
G_noprob,none,2017,4,False,0,0,0.0,0,,0,0.9473684210526315,0.9333333333333333,0.017391304347826087,,0,,,,
G_noprob,none,2018,4,False,0,0,0.0,0,,0,1.0,1.0,0.00909090909090909,,0,,,,
G_noprob,none,2019,4,False,0,0,0.0,0,,0,0.8947368421052632,0.8823529411764706,0.016260162601626018,,0,,,,
G_noprob,none,2020,4,False,0,0,0.0,0,,0,0.8947368421052632,0.8823529411764706,0.032,,1,0.4,21.0,0.0,0.0
G_noprob,none,2021,4,False,0,0,0.0,0,,0,0.9473684210526315,0.9333333333333333,0.017543859649122806,,0,,,,
G_noprob,none,2022,4,False,0,0,0.0,0,,0,1.0,1.0,0.0,,0,,,,
G_noprob,none,2023,4,False,0,0,0.0,0,,0,0.8947368421052632,0.8823529411764706,0.023255813953488372,,0,,,,
G_noprob,none,2024,4,False,0,0,0.0,0,,0,1.0,1.0,0.007874015748031496,,0,,,,
G_noprob,none,2025,4,False,0,0,0.0,0,,0,0.8947368421052632,0.875,0.028846153846153848,,0,,,,
G_noprob,none,2026,4,False,0,0,0.0,0,,0,0.9473684210526315,0.9411764705882353,0.015267175572519083,,0,,,,
G_noprob,none,2027,4,False,0,0,0.0,0,,0,1.0,1.0,0.0072992700729927005,,0,,,,
G_noprob,none,2028,4,False,0,0,0.0,0,,0,0.9473684210526315,0.9333333333333333,0.008403361344537815,,0,,,,
G_noprob,none,2029,4,False,0,0,0.0,0,,0,1.0,1.0,0.031496062992125984,,0,,,,
G_noprob,none,2030,4,False,0,0,0.0,0,,0,0.8947368421052632,0.8888888888888888,0.041237113402061855,,0,,,,
G_noprob,none,2031,4,False,0,0,0.0,0,,0,0.8421052631578947,0.9333333333333333,0.032520325203252036,,0,,,,
G_noprob,none,2032,4,False,0,0,0.0,0,,0,0.8421052631578947,0.8,0.028037383177570093,,0,,,,
G_noprob,none,2033,4,False,0,0,0.0,0,,0,0.7368421052631579,0.7058823529411765,0.058823529411764705,,0,,,,
G_noprob,none,2034,4,False,0,0,0.0,0,,0,0.9473684210526315,0.9333333333333333,0.017543859649122806,,0,,,,
G_noprob,none,2035,4,False,0,0,0.0,0,,0,0.8421052631578947,0.8235294117647058,0.04672897196261682,,0,,,,
G_noprob,none,2036,4,False,0,0,0.0,0,,0,0.8947368421052632,0.8823529411764706,0.02702702702702703,,0,,,,
G_noprob,none,2037,4,False,0,0,0.0,0,,0,0.8947368421052632,0.8823529411764706,0.02631578947368421,,0,,,,
G_noprob,none,2038,4,False,0,0,0.0,0,,0,0.8947368421052632,0.8823529411764706,0.032,,0,,,,
G_noprob,none,2039,4,False,0,0,0.0,0,,0,0.9473684210526315,0.9411764705882353,0.017241379310344827,,0,,,,
G_noprob,none,2040,4,False,0,0,0.0,0,,0,0.8421052631578947,0.8823529411764706,0.0297029702970297,,0,,,,
G_noprob,none,2041,4,False,0,0,0.0,0,,0,0.8421052631578947,0.8235294117647058,0.027777777777777776,,0,,,,
G_noprob,none,2042,4,False,0,0,0.0,0,,0,0.7894736842105263,0.8666666666666667,0.046875,,0,,,,
G_noprob,none,2043,4,False,0,0,0.0,0,,0,0.9473684210526315,1.0,0.009174311926605505,,0,,,,
G_noprob,none,2044,4,False,0,0,0.0,0,,0,0.7894736842105263,0.7647058823529411,0.03571428571428571,,0,,,,
G_noprob,none,2045,4,False,0,0,0.0,0,,0,0.8947368421052632,0.875,0.01694915254237288,,0,,,,
G_noprob,none,2046,4,False,0,0,0.0,0,,0,0.8947368421052632,0.875,0.035398230088495575,,0,,,,
G_noprob,none,2047,4,False,0,0,0.0,0,,0,1.0,1.0,0.014492753623188406,,0,,,,
G_noprob,none,2048,4,False,0,0,0.0,0,,0,0.8947368421052632,0.875,0.03125,,0,,,,
G_noprob,none,2049,4,False,0,0,0.0,0,,0,0.8947368421052632,0.875,0.01680672268907563,,0,,,,
G_noprob,none,2050,4,False,0,0,0.0,0,,0,0.7894736842105263,0.8125,0.05714285714285714,,0,,,,
G_noprob,none,2051,4,False,0,0,0.0,0,,0,0.9473684210526315,0.9333333333333333,0.018018018018018018,,0,,,,
G_noprob,none,2052,4,False,0,0,0.0,0,,0,0.8947368421052632,0.8666666666666667,0.02459016393442623,,1,0.07608695652173914,85.0,0.0,0.0
G_noprob,none,2053,4,False,0,0,0.0,0,,0,0.8947368421052632,0.9375,0.028846153846153848,,0,,,,
G_noprob,none,2054,4,False,0,0,0.0,0,,0,0.6842105263157895,0.6470588235294118,0.0784313725490196,,0,,,,
G_noprob,none,2055,4,False,0,0,0.0,0,,0,0.8947368421052632,0.8666666666666667,0.020833333333333332,,0,,,,
G_noprob,none,2056,4,False,0,0,0.0,0,,0,0.8947368421052632,0.9375,0.016129032258064516,,0,,,,
G_noprob,none,2057,4,False,0,0,0.0,0,,0,0.8947368421052632,0.8888888888888888,0.04424778761061947,,0,,,,
G_noprob,none,2058,4,False,0,0,0.0,0,,0,1.0,1.0,0.008695652173913044,,0,,,,
G_noprob,none,2059,4,False,0,0,0.0,0,,0,0.8947368421052632,0.8666666666666667,0.028846153846153848,,0,,,,
G_noprob,T5,2000,4,False,0,0,0.5,1,2.0,1,0.7368421052631579,0.75,0.05303030303030303,0.9523809523809523,9,0.8968547261230189,6.111111111111111,0.7777777777777778,0.0
G_noprob,T5,2001,4,False,0,0,0.0,0,,0,0.8421052631578947,0.8235294117647058,0.02912621359223301,0.875,3,0.7808219178082192,16.0,0.0,0.0
G_noprob,T5,2002,4,False,0,0,0.5,1,1.0,1,0.8947368421052632,0.8888888888888888,0.03773584905660377,1.0,4,1.0,0.0,0.5,0.0
G_noprob,T5,2003,4,False,0,0,0.25,1,9.0,1,0.9473684210526315,0.9411764705882353,0.009259259259259259,1.0,5,0.9198015873015872,1.6,0.6,0.0
G_noprob,T5,2004,4,False,0,0,0.0,0,,0,0.7894736842105263,0.8,0.04081632653061224,0.8333333333333334,5,0.739448108762956,10.4,0.0,0.0
G_noprob,T5,2005,4,False,1,1,0.75,1,5.0,1,0.8421052631578947,0.8,0.05084745762711865,0.7307692307692307,8,0.8649631713724667,5.0,0.75,0.0
G_noprob,T5,2006,4,False,0,0,0.5,1,5.0,1,0.7894736842105263,0.8125,0.03773584905660377,1.0,7,0.8986860429791886,3.0,0.8571428571428571,0.0
G_noprob,T5,2007,4,False,0,0,0.5,1,2.0,1,0.7894736842105263,0.75,0.027522935779816515,0.9444444444444444,5,0.875128205128205,5.4,0.6,0.0
G_noprob,T5,2008,4,False,0,0,0.5,1,3.0,1,0.6842105263157895,0.75,0.05555555555555555,0.8333333333333334,6,0.9320987654320988,1.8333333333333333,0.6666666666666666,0.0
G_noprob,T5,2009,4,False,0,0,1.0,1,9.0,1,0.8421052631578947,0.8125,0.02631578947368421,0.7407407407407407,10,0.9442741935483872,2.2,0.9,0.0
G_noprob,T5,2010,4,False,0,0,0.5,1,2.0,1,0.7368421052631579,0.75,0.038834951456310676,0.8888888888888888,8,0.9190705128205128,3.75,0.5,0.0
G_noprob,T5,2011,4,False,0,0,0.75,1,3.0,1,0.6842105263157895,0.75,0.046296296296296294,1.0,7,0.8939703153988868,5.142857142857143,0.5714285714285714,0.0
G_noprob,T5,2012,4,False,0,0,1.0,1,1.0,1,0.5263157894736842,0.5,0.0594059405940594,0.8095238095238095,6,0.9019486871651216,4.833333333333333,0.6666666666666666,0.0
G_noprob,T5,2013,4,False,0,0,1.0,1,4.0,1,0.7894736842105263,0.7777777777777778,0.037383177570093455,0.76,7,0.788521568426259,6.142857142857143,0.8571428571428571,0.0
G_noprob,T5,2014,4,False,0,0,0.75,1,9.0,1,0.7894736842105263,0.8125,0.05825242718446602,0.9285714285714286,5,0.9027741593091138,3.2,0.4,0.0
G_noprob,T5,2015,4,False,0,0,0.5,1,4.0,1,0.7894736842105263,0.75,0.01652892561983471,1.0,6,0.9420289855072465,4.0,0.5,0.0
G_noprob,T5,2016,4,False,0,0,0.75,1,1.0,1,0.7368421052631579,0.7222222222222222,0.06,0.8695652173913043,6,0.9587384184443009,1.0,0.6666666666666666,0.0
G_noprob,T5,2017,4,False,0,0,1.0,1,9.0,1,0.8947368421052632,0.8666666666666667,0.01834862385321101,0.8666666666666667,5,0.91123745819398,3.8,0.4,0.0
G_noprob,T5,2018,4,False,0,0,0.5,1,4.0,1,0.8947368421052632,0.8823529411764706,0.009433962264150943,0.9166666666666666,5,0.8938389351512275,5.0,0.2,0.0
G_noprob,T5,2019,4,False,0,0,0.5,1,4.0,1,0.7894736842105263,0.7647058823529411,0.02631578947368421,0.9375,6,0.7281440781440781,9.0,0.6666666666666666,0.0
G_noprob,T5,2020,4,False,0,0,0.75,1,3.0,1,0.7368421052631579,0.7058823529411765,0.04504504504504504,1.0,7,0.9623798978285565,0.0,0.7142857142857143,0.0
G_noprob,T5,2021,4,False,1,9,1.0,1,38.0,0,0.8947368421052632,0.8666666666666667,0.027522935779816515,0.3904761904761905,8,0.9301433735605421,3.25,0.875,0.0
G_noprob,T5,2022,4,False,0,0,0.0,0,,0,0.9473684210526315,0.9333333333333333,0.0,0.8888888888888888,4,0.5613572784186138,8.0,0.0,0.0
G_noprob,T5,2023,4,False,0,0,0.75,1,4.0,1,0.6842105263157895,0.6470588235294118,0.042735042735042736,0.8461538461538461,9,0.9408194905869325,2.111111111111111,0.6666666666666666,0.0
G_noprob,T5,2024,4,False,0,0,0.75,1,4.0,1,0.9473684210526315,0.9411764705882353,0.008130081300813009,0.9411764705882353,6,0.8695598611200167,3.3333333333333335,0.6666666666666666,0.0
G_noprob,T5,2025,4,False,1,2,0.75,1,5.0,1,0.8421052631578947,0.8125,0.0297029702970297,0.65625,7,0.9007263922518159,5.428571428571429,0.8571428571428571,0.0
G_noprob,T5,2026,4,False,0,0,1.0,1,1.0,1,0.8947368421052632,0.8823529411764706,0.015503875968992248,0.8333333333333334,6,0.9074074074074074,5.0,0.8333333333333334,0.0
G_noprob,T5,2027,4,False,0,0,0.5,1,2.0,1,0.9473684210526315,0.9375,0.0,0.8888888888888888,5,0.7999742922330408,10.2,0.6,0.0
G_noprob,T5,2028,4,False,1,1,0.75,1,5.0,1,0.8947368421052632,0.8666666666666667,0.008695652173913044,0.7083333333333334,5,0.807843137254902,10.2,0.2,0.0
G_noprob,T5,2029,4,False,0,0,0.75,1,5.0,1,0.8947368421052632,0.875,0.024390243902439025,0.9473684210526315,7,0.763708515789259,4.428571428571429,0.7142857142857143,0.0
G_noprob,T5,2030,4,False,1,8,1.0,1,32.0,0,0.8421052631578947,0.8333333333333334,0.041666666666666664,0.27419354838709675,5,0.8469363986554139,4.6,0.6,0.0
G_noprob,T5,2031,4,False,0,0,0.5,1,4.0,1,0.631578947368421,0.6666666666666666,0.05714285714285714,0.875,5,0.8025028229915447,7.8,0.4,0.0
G_noprob,T5,2032,4,False,1,1,0.5,1,1.0,1,0.7894736842105263,0.7333333333333333,0.02830188679245283,0.8235294117647058,7,0.8980836236933799,3.5714285714285716,0.7142857142857143,0.0
G_noprob,T5,2033,4,False,1,13,1.0,1,5.0,1,0.6842105263157895,0.6470588235294118,0.050505050505050504,0.2631578947368421,8,0.8564080760424596,3.875,0.875,0.0
G_noprob,T5,2034,4,False,0,0,0.0,0,,0,0.9473684210526315,0.9333333333333333,0.017543859649122806,1.0,4,0.9226190476190477,3.25,0.0,0.0
G_noprob,T5,2035,4,False,0,0,0.75,1,10.0,1,0.7894736842105263,0.7647058823529411,0.04854368932038835,1.0,3,0.9070225161391906,3.6666666666666665,0.3333333333333333,0.0
G_noprob,T5,2036,4,False,0,0,0.75,1,2.0,1,0.8947368421052632,0.8823529411764706,0.03669724770642202,0.9259259259259259,8,0.9647435897435898,1.375,0.625,0.0
G_noprob,T5,2037,4,False,0,0,0.25,1,1.0,1,0.8947368421052632,0.8823529411764706,0.02631578947368421,1.0,4,1.0,0.0,0.5,0.0
G_noprob,T5,2038,4,False,0,0,0.25,1,8.0,1,0.7894736842105263,0.7647058823529411,0.025,0.7692307692307693,5,0.8987301587301587,6.2,0.2,0.0
G_noprob,T5,2039,4,False,0,0,1.0,1,1.0,1,0.8947368421052632,0.8823529411764706,0.017543859649122806,0.8518518518518519,9,0.8580433969322858,4.333333333333333,0.6666666666666666,0.0
G_noprob,T5,2040,4,False,1,2,1.0,1,3.0,1,0.631578947368421,0.6470588235294118,0.03333333333333333,0.6923076923076923,7,0.8824853235262561,3.0,0.7142857142857143,0.0
G_noprob,T5,2041,4,False,0,0,0.75,1,1.0,1,0.7894736842105263,0.7647058823529411,0.02830188679245283,1.0,4,0.8592889637244476,7.25,0.5,0.0
G_noprob,T5,2042,4,False,0,0,0.5,1,0.0,1,0.7368421052631579,0.8,0.05084745762711865,0.85,7,0.8542729591836735,8.142857142857142,0.5714285714285714,0.0
G_noprob,T5,2043,4,False,0,0,0.75,1,5.0,1,0.8947368421052632,0.9411764705882353,0.009523809523809525,0.875,6,0.8699186991869919,5.333333333333333,0.6666666666666666,0.0
G_noprob,T5,2044,4,False,0,0,1.0,1,1.0,1,0.6842105263157895,0.6470588235294118,0.0380952380952381,0.85,7,0.9112077674369109,3.142857142857143,0.7142857142857143,0.0
G_noprob,T5,2045,4,False,1,1,0.5,1,1.0,1,0.7894736842105263,0.75,0.018867924528301886,0.8095238095238095,7,0.8526179702650291,8.571428571428571,0.5714285714285714,0.0
G_noprob,T5,2046,4,False,0,0,0.25,1,4.0,1,0.8421052631578947,0.8125,0.03669724770642202,1.0,5,0.866495464012143,9.6,0.4,0.0
G_noprob,T5,2047,4,False,0,0,0.75,1,3.0,1,0.8421052631578947,0.8235294117647058,0.0078125,0.8333333333333334,5,0.7874006458022851,11.4,0.4,0.0
G_noprob,T5,2048,4,False,0,0,0.75,1,2.0,1,0.7894736842105263,0.75,0.032520325203252036,0.8125,6,0.9162844743590085,4.833333333333333,0.8333333333333334,0.0
G_noprob,T5,2049,4,False,0,0,0.25,1,3.0,1,0.8947368421052632,0.875,0.01694915254237288,0.8,5,0.9060975609756097,4.0,0.4,0.0
G_noprob,T5,2050,4,False,0,0,0.25,1,6.0,1,0.6842105263157895,0.6875,0.05825242718446602,0.8947368421052632,7,0.8259906591554721,5.571428571428571,0.14285714285714285,0.0
G_noprob,T5,2051,4,False,1,1,0.5,1,1.0,1,0.8947368421052632,0.8666666666666667,0.01834862385321101,0.75,4,0.8668831168831169,10.25,0.0,0.0
G_noprob,T5,2052,4,False,0,0,0.5,1,2.0,1,0.7894736842105263,0.7333333333333333,0.01680672268907563,0.8181818181818182,5,0.7803728070175439,10.8,0.8,0.0
G_noprob,T5,2053,4,False,0,0,0.25,1,2.0,1,0.8947368421052632,0.9375,0.028846153846153848,0.9090909090909091,4,0.7014492753623188,7.5,0.5,0.0
G_noprob,T5,2054,4,False,0,0,0.75,1,4.0,1,0.6842105263157895,0.6470588235294118,0.07920792079207921,0.8823529411764706,5,0.8256474498994522,1.8,0.2,0.0
G_noprob,T5,2055,4,False,0,0,0.5,1,2.0,1,0.8947368421052632,0.8666666666666667,0.020833333333333332,1.0,6,0.9426129426129427,2.3333333333333335,0.6666666666666666,0.0
G_noprob,T5,2056,4,False,0,0,0.5,1,6.0,1,0.8421052631578947,0.875,0.025,0.9,4,0.7712695247590562,12.75,0.75,0.0
G_noprob,T5,2057,4,False,0,0,0.5,1,1.0,1,0.7368421052631579,0.7222222222222222,0.046296296296296294,0.8076923076923077,8,0.9232405440612128,3.5,0.625,0.0
G_noprob,T5,2058,4,False,0,0,0.25,1,1.0,1,0.8947368421052632,0.8823529411764706,0.018867924528301886,0.7368421052631579,6,0.9024390243902439,4.0,0.6666666666666666,0.0
G_noprob,T5,2059,4,False,0,0,0.5,1,5.0,1,0.8421052631578947,0.8,0.02040816326530612,0.8,6,0.8733333333333334,5.333333333333333,0.8333333333333334,0.0
